player_id,name,position,team_id
AARODGERS_NYJ,A.Rodgers,QB,NYJ
MMPRATER_ARI,M.Prater,K,ARI
NNFOLK_TEN,N.Folk,K,TEN
CCCAMPBELL_MIA,C.Campbell,DE,MIA
MMSTAFFORD_LA,M.Stafford,QB,LA
GGGANO_NYG,G.Gano,K,NYG
TTMORSTEAD_NYJ,T.Morstead,P,NYJ
BBGRAHAM_PHI,B.Graham,DE,PHI
VVMILLER_BUF,V.Miller,DE,BUF
CCJORDAN_NO,C.Jordan,DE,NO
CCAHEYWARD_PIT,Ca.Heyward,DT,PIT
AADALTON_CAR,A.Dalton,QB,CAR
TTTAYLOR_NYJ,T.Taylor,QB,NYJ
JJHEKKER_CAR,J.Hekker,P,CAR
CCHUGHLETT_CLE,C.Hughlett,LS,CLE
BBWAGNER_WAS,B.Wagner,ILB,WAS
SSGILMORE_MIN,S.Gilmore,CB,MIN
LLDAVID_TB,L.David,ILB,TB
JJTUCKER_BAL,J.Tucker,K,BAL
KKCOUSINS_ATL,K.Cousins,QB,ATL
HHSMITH_MIN,H.Smith,SS,MIN
DDDAVIS_NO,D.Davis,MLB,NO
GGZUERLEIN_NYJ,G.Zuerlein,K,NYJ
GROTEN_NYG,G.Van Roten,G,NYG
BBANGER_DAL,B.Anger,P,DAL
KKJUSZCZYK_SF,K.Juszczyk,FB,SF
AATHIELEN_CAR,A.Thielen,WR,CAR
ZZERTZ_WAS,Z.Ertz,TE,WAS
DDSLAY_PHI,D.Slay,CB,PHI
JJHANKINS_SEA,J.Hankins,DT,SEA
JJJENKINS_LV,J.Jenkins,DT,LV
SSMARTIN_BUF,S.Martin,P,BUF
DDHOPKINS_CLE,D.Hopkins,K,CLE
JJPOYER_MIA,J.Poyer,SS,MIA
TTWAY_WAS,T.Way,P,WAS
KKALLEN_CHI,K.Allen,WR,CHI
WWGHOLSTON_TB,W.Gholston,DE,TB
TTMATHIEU_NO,T.Mathieu,FS,NO
TTKELCE_KC,T.Kelce,TE,KC
LLJOHNSON_PHI,L.Johnson,T,PHI
DDHOPKINS_TEN,D.Hopkins,WR,TEN
GGSMITH_SEA,G.Smith,QB,SEA
CCPATTERSON_PIT,C.Patterson,RB,PIT
MMPENNEL_KC,M.Pennel,NT,KC
KKMACK_LAC,K.Mack,DE,LAC
DDAJONES_BUF,Da.Jones,DT,BUF
CCBOSWELL_PIT,C.Boswell,K,PIT
CCSANTOS_CHI,C.Santos,K,CHI
BBCOOKS_DAL,B.Cooks,WR,DAL
SSHARRIS_CLE,S.Harris,DT,CLE
JJAMATTHEWS_ATL,Ja.Matthews,T,ATL
DDCARR_NO,D.Carr,QB,NO
CCMOSLEY_NYJ,C.Mosley,ILB,NYJ
JJWARD_HOU,J.Ward,FS,HOU
JJMATTHEWS_CAR,J.Matthews,TE,CAR
CCGOODWIN_DAL,C.Goodwin,CB,DAL
KNOY_BAL,K.Van Noy,OLB,BAL
JJCLOWNEY_CAR,J.Clowney,OLB,CAR
DDADAMS_LV,D.Adams,WR,LV
MMEVANS_TB,M.Evans,WR,TB
DDLAWRENCE_DAL,D.Lawrence,DE,DAL
JJBITONIO_CLE,J.Bitonio,G,CLE
JJMYERS_SEA,J.Myers,K,SEA
AACOOPER_CLE,A.Cooper,WR,CLE
NNAGHOLOR_BAL,N.Agholor,WR,BAL
SSTHOMPSON_CAR,S.Thompson,ILB,CAR
EEGOLDMAN_ATL,E.Goldman,NT,ATL
EEKENDRICKS_DAL,E.Kendricks,ILB,DAL
JJPHILLIPS_DAL,J.Phillips,DT,DAL
DDHUNTER_HOU,D.Hunter,DE,HOU
ZZSMITH_CLE,Z.Smith,DE,CLE
GGJARRETT_ATL,G.Jarrett,DT,ATL
MMPRUITT_PIT,M.Pruitt,TE,PIT
SSDIGGS_HOU,S.Diggs,WR,HOU
MMBURTON_DEN,M.Burton,FB,DEN
QQDIGGS_TEN,Q.Diggs,FS,TEN
RRMOSTERT_MIA,R.Mostert,RB,MIA
EETOMLINSON_LAC,E.Tomlinson,TE,LAC
DDCARTER_CHI,D.Carter,WR,CHI
TTHILL_CAR,T.Hill,CB,CAR
AASINGLETON_DEN,A.Singleton,ILB,DEN
LLWILLIAMS_SEA,L.Williams,DT,SEA
PPSMITH_GB,P.Smith,DE,GB
JJCROWDER_WAS,J.Crowder,WR,WAS
RRNUNEZROCHES_NYG,R.Nunez-Roches,NT,NYG
DDFOWLER_WAS,D.Fowler,OLB,WAS
BBPINION_ATL,B.Pinion,P,ATL
DDPERRYMAN_LAC,D.Perryman,ILB,LAC
AAABDULLAH_LV,A.Abdullah,RB,LV
JJHICKS_CLE,J.Hicks,ILB,CLE
BBDUPREE_LAC,B.Dupree,OLB,LAC
AAARMSTEAD_JAX,A.Armstead,DE,JAX
RRDARBY_JAX,R.Darby,CB,JAX
TTLOCKETT_SEA,T.Lockett,WR,SEA
JJCARDONA_NE,J.Cardona,LS,NE
MMEDWARDS_HOU,M.Edwards,DT,HOU
TTMATAKEVICH_PIT,T.Matakevich,MLB,PIT
DDBUCKNER_IND,D.Buckner,DT,IND
LLTUNSIL_HOU,L.Tunsil,T,HOU
AAHOOPER_NE,A.Hooper,TE,NE
NNVANNETT_TEN,N.Vannett,TE,TEN
GGGLASGOW_DET,G.Glasgow,G,DET
MMKILLEBREW_PIT,M.Killebrew,SS,PIT
DDCAMPBELL_SF,D.Campbell,ILB,SF
MMJUDON_ATL,M.Judon,OLB,ATL
QQJEFFERSON_CLE,Q.Jefferson,DE,CLE
BBALLEN_SF,B.Allen,QB,SF
KKPEKO_DET,K.Peko,DT,DET
KKRAYMOND_DET,K.Raymond,WR,DET
MMHILTON_CIN,M.Hilton,CB,CIN
WWLUTZ_DEN,W.Lutz,K,DEN
MMPIERCE_BAL,M.Pierce,NT,BAL
JJJONES_NE,J.Jones,CB,NE
RRROBERTSONHARRIS_JAX,R.Robertson-Harris,DT,JAX
MMFOX_LAC,M.Fox,DT,LAC
KKFAIRBAIRN_HOU,K.Fairbairn,K,HOU
SSRANKINS_CIN,S.Rankins,DT,CIN
CCJONES_KC,C.Jones,DT,KC
AAJOHNSON_BUF,A.Johnson,DT,BUF
DDHENRY_BAL,D.Henry,RB,BAL
DDROBINSON_LA,D.Robinson,WR,LA
AAROBINSON_CAR,A.Robinson,DE,CAR
NNVIGIL_DAL,N.Vigil,ILB,DAL
CCHAM_MIN,C.Ham,FB,MIN
VVBELL_CIN,V.Bell,SS,CIN
RRDIXON_DEN,R.Dixon,P,DEN
RRSTANLEY_BAL,R.Stanley,T,BAL
JJSIMMONS_ATL,J.Simmons,FS,ATL
TTBOYD_TEN,T.Boyd,WR,TEN
SSDAY_WAS,S.Day,DT,WAS
TTHILL_MIA,T.Hill,WR,MIA
EEELLIOTT_DAL,E.Elliott,RB,DAL
JJIWARD_MIN,Ji.Ward,OLB,MIN
DDONYEMATA_ATL,D.Onyemata,DT,ATL
JJRAMSEY_MIA,J.Ramsey,CB,MIA
AABILLINGS_CHI,A.Billings,DT,CHI
LLFLOYD_SF,L.Floyd,DE,SF
EEOGBAH_MIA,E.Ogbah,DE,MIA
DDPRESCOTT_DAL,D.Prescott,QB,DAL
KKFULLER_MIA,K.Fuller,CB,MIA
HHHENRY_NE,H.Henry,TE,NE
JJBULLARD_MIN,J.Bullard,DE,MIN
JJGOFF_DET,J.Goff,QB,DET
JJHARGRAVE_SF,J.Hargrave,DT,SF
JJBRISSETT_NE,J.Brissett,QB,NE
KKCLARK_GB,K.Clark,DT,GB
MMCOLLINS_SF,M.Collins,DT,SF
KKBYARD_CHI,K.Byard,FS,CHI
JJBOSA_LAC,J.Bosa,DE,LAC
MMALIECOX_IND,M.Alie-Cox,TE,IND
JJMUNDT_MIN,J.Mundt,TE,MIN
RRSANCHEZ_IND,R.Sanchez,P,IND
MMHUMPHREY_BAL,M.Humphrey,CB,BAL
CCSAMUEL_BUF,C.Samuel,WR,BUF
GGKITTLE_SF,G.Kittle,TE,SF
JJELUEMUNOR_NYG,J.Eluemunor,T,NYG
AAJONES_MIN,A.Jones,RB,MIN
CCCLARK_NYJ,C.Clark,SS,NYJ
DDJONES_DEN,D.Jones,NT,DEN
HHBUTKER_KC,H.Butker,K,KC
EERWILSON_GB,Er.Wilson,ILB,GB
TTHILL_NO,T.Hill,TE,NO
AABUTLER_LV,A.Butler,DT,LV
KKMOORE_IND,K.Moore,CB,IND
DDKAZEE_PIT,D.Kazee,SS,PIT
JJALLEN_WAS,J.Allen,DT,WAS
KKKING_ATL,K.King,CB,ATL
SSPERINE_KC,S.Perine,RB,KC
DDWATSON_CLE,D.Watson,QB,CLE
DDTOMLINSON_CLE,D.Tomlinson,DT,CLE
CCAWUZIE_TEN,C.Awuzie,CB,TEN
RRDOUGLAS_BUF,R.Douglas,CB,BUF
JJCONNER_ARI,J.Conner,RB,ARI
MMHOLLINS_BUF,M.Hollins,WR,BUF
JJREEVESMAYBIN_DET,J.Reeves-Maybin,OLB,DET
AAWALKER_MIA,A.Walker,MLB,MIA
EESAUBERT_SF,E.Saubert,TE,SF
XXWOODS_CAR,X.Woods,FS,CAR
DDMOORE_CAR,D.Moore,WR,CAR
CCRUSH_DAL,C.Rush,QB,DAL
AAEKELER_WAS,A.Ekeler,RB,WAS
YYKOO_ATL,Y.Koo,K,ATL
CCJOHNSTON_PIT,C.Johnston,P,PIT
DDWALKER_CHI,D.Walker,DE,CHI
EEJACKSON_BAL,E.Jackson,FS,BAL
JJELLIOTT_PHI,J.Elliott,K,PHI
DDOGUNBOWALE_HOU,D.Ogunbowale,RB,HOU
JJSMITHSCHUSTER_KC,J.Smith-Schuster,WR,KC
JJSMITH_MIA,J.Smith,TE,MIA
DDGODCHAUX_NE,D.Godchaux,NT,NE
MMGARRETT_CLE,M.Garrett,DE,CLE
SSTHOMAS_NYJ,S.Thomas,DT,NYJ
PPMAHOMES_KC,P.Mahomes,QB,KC
MMLATTIMORE_NO,M.Lattimore,CB,NO
DDBARNETT_HOU,D.Barnett,DE,HOU
MMHOOKER_DAL,M.Hooker,FS,DAL
AAJACKSON_NYG,A.Jackson,CB,NYG
EEENGRAM_JAX,E.Engram,TE,JAX
JJPEPPERS_NE,J.Peppers,SS,NE
TTWHITE_LA,T.White,CB,LA
DDNJOKU_CLE,D.Njoku,TE,CLE
TTWATT_PIT,T.Watt,OLB,PIT
CCROBINSON_JAX,C.Robinson,T,JAX
BBBAKER_ARI,B.Baker,SS,ARI
MMWILLIAMS_BAL,M.Williams,FS,BAL
GGEVERETT_CHI,G.Everett,TE,CHI
JJMIXON_HOU,J.Mixon,RB,HOU
DDDAWKINS_BUF,D.Dawkins,T,BUF
LLOGUNJOBI_PIT,L.Ogunjobi,DT,PIT
AAKAMARA_NO,A.Kamara,RB,NO
CCKUPP_LA,C.Kupp,WR,LA
AAANZALONE_DET,A.Anzalone,ILB,DET
CCGODWIN_TB,C.Godwin,WR,TB
SSGRIFFIN_MIN,S.Griffin,CB,MIN
JJJOHNSON_LA,J.Johnson,SS,LA
JJLEWIS_DAL,J.Lewis,CB,DAL
MMADAMS_PIT,M.Adams,NT,PIT
TTHENDRICKSON_CIN,T.Hendrickson,DE,CIN
RRJENKINS_SEA,R.Jenkins,SS,SEA
JJREYNOLDS_DEN,J.Reynolds,WR,DEN
JJAWILLIAMS_NO,Ja.Williams,RB,NO
GGSTEWART_IND,G.Stewart,DT,IND
JJMCNICHOLS_WAS,J.McNichols,RB,WAS
SSDALY_CHI,S.Daly,LS,CHI
GGODUM_SF,G.Odum,FS,SF
CCSHELTON_CHI,C.Shelton,C,CHI
JJWILSON_MIA,J.Wilson,RB,MIA
JJGRAY_NO,J.Gray,SS,NO
KKVICKERS_NO,K.Vickers,DT,NO
WWDISSLY_LAC,W.Dissly,TE,LAC
MMDICKSON_SEA,M.Dickson,P,SEA
DDCARLSON_LV,D.Carlson,K,LV
JJSCOTT_LAC,J.Scott,P,LAC
EEPINEIRO_CAR,E.Pineiro,K,CAR
GGEDWARDS_LAC,G.Edwards,RB,LAC
TTSIEG_DAL,T.Sieg,LS,DAL
MMBOONE_CAR,M.Boone,RB,CAR
PPFORD_LAC,P.Ford,DE,LAC
EECAMPBELL_MIA,E.Campbell,SS,MIA
DDEKUALE_NE,D.Ekuale,DT,NE
JJHOLMES_NYJ,J.Holmes,DE,NYJ
TTCONKLIN_NYJ,T.Conklin,TE,NYJ
MMVALDESSCANTLING_BUF,M.Valdes-Scantling,WR,BUF
FFFATUKASI_HOU,F.Fatukasi,DT,HOU
DDELLIOTT_PIT,D.Elliott,FS,PIT
ZZSIELER_MIA,Z.Sieler,DE,MIA
FFLUVU_WAS,F.Luvu,ILB,WAS
KKSTREET_ATL,K.Street,DT,ATL
DDPAYNE_WAS,D.Payne,DT,WAS
MMDAVENPORT_DET,M.Davenport,OLB,DET
FFRAGNOW_DET,F.Ragnow,C,DET
CCSUTTON_DEN,C.Sutton,WR,DEN
DDGOEDERT_PHI,D.Goedert,TE,PHI
DDJACKSON_PIT,D.Jackson,CB,PIT
TTLEWIS_IND,T.Lewis,DE,IND
LLCARTER_ATL,L.Carter,OLB,ATL
JJREID_KC,J.Reid,SS,KC
JJAKINS_CLE,J.Akins,TE,CLE
JJJEWELL_CAR,J.Jewell,ILB,CAR
DDHAND_MIA,D.Hand,DE,MIA
DDARMSTRONG_WAS,D.Armstrong,DE,WAS
JJWHITEHEAD_TB,J.Whitehead,SS,TB
KKWHITE_ARI,K.White,ILB,ARI
TTAJOHNSON_BUF,Ta.Johnson,CB,BUF
AAMADDOX_PHI,A.Maddox,CB,PHI
JJSWEAT_PHI,J.Sweat,OLB,PHI
DDSCHULTZ_HOU,D.Schultz,TE,HOU
DDREED_NYJ,D.Reed,CB,NYJ
JJBENTLEY_NE,J.Bentley,ILB,NE
JJUWATSON_KC,Ju.Watson,WR,KC
RRMCCLOUD_ATL,R.McCloud,WR,ATL
FFOLUOKUN_JAX,F.Oluokun,ILB,JAX
CCWILSON_NO,C.Wilson,WR,NO
BBBERRIOS_MIA,B.Berrios,WR,MIA
JJMAILATA_PHI,J.Mailata,T,PHI
ZZFRANKLIN_IND,Z.Franklin,OLB,IND
LLCOOKE_JAX,L.Cooke,P,JAX
JJOWENS_CHI,J.Owens,SS,CHI
AALAZARD_NYJ,A.Lazard,WR,NYJ
CCWARD_SF,C.Ward,CB,SF
TTHUDSON_CIN,T.Hudson,TE,CIN
BBPOWELL_MIN,B.Powell,WR,MIN
TTEDMUNDS_CHI,T.Edmunds,ILB,CHI
JJBATES_ATL,J.Bates,FS,ATL
JJJONES_ARI,J.Jones,DT,ARI
RRSPILLANE_LV,R.Spillane,OLB,LV
CCBOJORQUEZ_CLE,C.Bojorquez,P,CLE
NNTHURMAN_CAR,N.Thurman,DT,CAR
JJALEXANDER_GB,J.Alexander,CB,GB
MMHURST_CLE,M.Hurst,DT,CLE
MMANDREWS_BAL,M.Andrews,TE,BAL
KKMILLER_LV,K.Miller,T,LV
NNSHEPHERD_NO,N.Shepherd,DT,NO
VVVEA_TB,V.Vea,NT,TB
CCKIRK_JAX,C.Kirk,WR,JAX
CCDAVIS_DET,C.Davis,CB,DET
IIYIADOM_SF,I.Yiadom,CB,SF
HHPHILLIPS_MIN,H.Phillips,NT,MIN
CCBOARD_BAL,C.Board,ILB,BAL
MMFITZPATRICK_PIT,M.Fitzpatrick,FS,PIT
DDJAMES_LAC,D.James,SS,LAC
JJSANDERS_MIA,J.Sanders,K,MIA
LLJACKSON_BAL,L.Jackson,QB,BAL
JJBAKER_SEA,J.Baker,ILB,SEA
DDSMYTHE_MIA,D.Smythe,TE,MIA
BBHILL_CIN,B.Hill,DT,CIN
JJFRANKLINMYERS_DEN,J.Franklin-Myers,DE,DEN
SSJOSEPH_TEN,S.Joseph,DT,TEN
FFWARNER_SF,F.Warner,MLB,SF
AAKEY_TEN,A.Key,OLB,TEN
DDMOORE_CHI,D.Moore,WR,CHI
HHLANDRY_TEN,H.Landry,OLB,TEN
MMGESICKI_CIN,M.Gesicki,TE,CIN
HHHURST_LAC,H.Hurst,TE,LAC
SSHUBBARD_CIN,S.Hubbard,DE,CIN
CCRIDLEY_TEN,C.Ridley,WR,TEN
MMHUGHES_ATL,M.Hughes,CB,ATL
SSBARKLEY_PHI,S.Barkley,RB,PHI
KKHODGE_ATL,K.Hodge,WR,ATL
BBMAYFIELD_TB,B.Mayfield,QB,TB
DDWARD_CLE,D.Ward,CB,CLE
JJALLEN_BUF,J.Allen,QB,BUF
SSDARNOLD_MIN,S.Darnold,QB,MIN
RRSMITH_BAL,R.Smith,ILB,BAL
SSSIMS_HOU,S.Sims,WR,HOU
MMWISHNOWSKY_SF,M.Wishnowsky,P,SF
JJMEYERS_LV,J.Meyers,WR,LV
RRGARY_GB,R.Gary,DE,GB
DDSAVAGE_JAX,D.Savage,SS,JAX
AAMATTISON_LV,A.Mattison,RB,LV
MMCROSBY_LV,M.Crosby,DE,LV
JJLOVE_SEA,J.Love,SS,SEA
JJHILL_BAL,J.Hill,RB,BAL
FFMOREAU_NO,F.Moreau,TE,NO
EESPEED_IND,E.Speed,OLB,IND
KKHOLLMAN_BAL,K.Hollman,CB,BAL
MMEPPS_LV,M.Epps,SS,LV
TTSUMMERS_NYG,T.Summers,MLB,NYG
QQBELL_MIA,Q.Bell,OLB,MIA
DDFLANNIGANFOWLES_SF,D.Flannigan-Fowles,OLB,SF
AADULIN_IND,A.Dulin,WR,IND
JJGILLAN_NYG,J.Gillan,P,NYG
KKBLASINGAME_CHI,K.Blasingame,FB,CHI
AAINGOLD_MIA,A.Ingold,FB,MIA
KKNIXON_GB,K.Nixon,CB,GB
MMBLAIR_SEA,M.Blair,FS,SEA
MMHARDMAN_KC,M.Hardman,WR,KC
MMAWILSON_ARI,Ma.Wilson,ILB,ARI
KKBOYD_HOU,K.Boyd,CB,HOU
JJFOX_DET,J.Fox,P,DET
AAALSHAAIR_HOU,A.Al-Shaair,ILB,HOU
AACOLE_LV,A.Cole,P,LV
JJSLYE_NE,J.Slye,K,NE
DDPHILLIPS_HOU,D.Phillips,OLB,HOU
OOZACCHEAUS_WAS,O.Zaccheaus,WR,WAS
DDHARTY_BAL,D.Harty,WR,BAL
DDIOJOHNSON_CAR,Dio.Johnson,WR,CAR
PPLOCKE_DEN,P.Locke,FS,DEN
KKMURRAY_ARI,K.Murray,QB,ARI
CCWILKINS_LV,C.Wilkins,DT,LV
BBMURPHY_MIN,B.Murphy,CB,MIN
JJTAYLOR_KC,J.Taylor,T,KC
SSMURPHYBUNTING_ARI,S.Murphy-Bunting,CB,ARI
JJTAVAI_NE,J.Tavai,ILB,NE
EEMCCOY_NO,E.McCoy,C,NO
MMSANDERS_CAR,M.Sanders,RB,CAR
ZZALLEN_DEN,Z.Allen,DE,DEN
JJOLIVER_MIN,J.Oliver,TE,MIN
DDSINGLETARY_NYG,D.Singletary,RB,NYG
CCGARDNERJOHNSON_PHI,C.Gardner-Johnson,SS,PHI
AANELSON_TB,A.Nelson,OLB,TB
TTPOLLARD_TEN,T.Pollard,RB,TEN
DDTRANQUILL_KC,D.Tranquill,ILB,KC
AGINKEL_MIN,A.Van Ginkel,OLB,MIN
BBCASHMAN_MIN,B.Cashman,ILB,MIN
MMJACKSON_CAR,M.Jackson,CB,CAR
BBCOWART_CHI,B.Cowart,DT,CHI
JJBAILEY_MIA,J.Bailey,P,MIA
GGMINSHEW_LV,G.Minshew,QB,LV
DDLONG_MIA,D.Long,ILB,MIA
SSMILLER_PIT,S.Miller,WR,PIT
DDOWILSON_DAL,Do.Wilson,SS,DAL
MMGASKIN_MIN,M.Gaskin,RB,MIN
KKELLISS_ATL,K.Elliss,ILB,ATL
TTIRWIN_CIN,T.Irwin,WR,CIN
TTDODSON_SEA,T.Dodson,MLB,SEA
CCLEWIS_BUF,C.Lewis,FS,BUF
CCMCLAUGHLIN_TB,C.McLaughlin,K,TB
TTEDWARDS_CHI,T.Edwards,ILB,CHI
CCGRANDERSON_NO,C.Granderson,DE,NO
LLHUMPHREY_DEN,L.Humphrey,WR,DEN
SSTUTTLE_CAR,S.Tuttle,DT,CAR
GGDORTCH_ARI,G.Dortch,WR,ARI
DDBUSH_CLE,D.Bush,ILB,CLE
DDSLAYTON_NYG,D.Slayton,WR,NYG
TTYJOHNSON_BUF,Ty.Johnson,RB,BUF
GGBRADBURY_MIN,G.Bradbury,C,MIN
TTHOMER_CHI,T.Homer,RB,CHI
TTREEDER_LA,T.Reeder,ILB,LA
JJTHORNHILL_CLE,J.Thornhill,FS,CLE
CCLINDSTROM_ATL,C.Lindstrom,G,ATL
AAHOOKER_TEN,A.Hooker,FS,TEN
DDMETCALF_SEA,D.Metcalf,WR,SEA
JJHINESALLEN_JAX,J.Hines-Allen,DE,JAX
JJSIMMONS_TEN,J.Simmons,DT,TEN
NNFANT_SEA,N.Fant,TE,SEA
MMSWEAT_CHI,M.Sweat,DE,CHI
WWHARRIS_NO,W.Harris,FS,NO
TTMCLAURIN_WAS,T.McLaurin,WR,WAS
TTRAPP_BUF,T.Rapp,SS,BUF
GGGAINES_TB,G.Gaines,NT,TB
NNSCOTT_CAR,N.Scott,SS,CAR
CCBARTON_DEN,C.Barton,MLB,DEN
JJTILLERY_MIN,J.Tillery,DE,MIN
AABROWN_PHI,A.Brown,WR,PHI
DDJONES_SEA,D.Jones,DE,SEA
QQIWILLIAMS_NYJ,Qi.Williams,ILB,NYJ
DDLAWRENCE_NYG,D.Lawrence,NT,NYG
DDMONTGOMERY_DET,D.Montgomery,RB,DET
BBOKEREKE_NYG,B.Okereke,MLB,NYG
DDKNOX_BUF,D.Knox,TE,BUF
CCFERRELL_WAS,C.Ferrell,DE,WAS
GGPRATT_CIN,G.Pratt,OLB,CIN
JJDEAN_TB,J.Dean,CB,TB
JJJACOBS_GB,J.Jacobs,RB,GB
JJTHOMPSON_ARI,J.Thompson,FS,ARI
OOXIMINES_NE,O.Ximines,OLB,NE
DDJONES_NYG,D.Jones,QB,NYG
BBBURNS_NYG,B.Burns,OLB,NYG
NNBOSA_SF,N.Bosa,DE,SF
QQWILLIAMS_NYJ,Q.Williams,NT,NYJ
DDSAMUEL_SF,D.Samuel,WR,SF
MMROACH_DEN,M.Roach,DT,DEN
JJHASTY_NE,J.Hasty,RB,NE
CCHWILLIAMS_CHI,Ch.Williams,DT,CHI
BBGILLIKIN_ARI,B.Gillikin,P,ARI
TTTOWNSEND_HOU,T.Townsend,P,HOU
TTWHARTON_KC,T.Wharton,DT,KC
MMHOECHT_LA,M.Hoecht,OLB,LA
CCROZEBOOM_LA,C.Rozeboom,ILB,LA
KKBARNES_ARI,K.Barnes,ILB,ARI
JJJOHNSON_NO,J.Johnson,TE,NO
BBWASHINGTON_BAL,B.Washington,DE,BAL
MMBRYANT_HOU,M.Bryant,CB,HOU
KKDORSEY_DET,K.Dorsey,CB,DET
JJMADUBUIKE_BAL,J.Madubuike,DT,BAL
RRDOWDLE_DAL,R.Dowdle,RB,DAL
BBHUFF_PHI,B.Huff,DE,PHI
KKWELCH_DEN,K.Welch,ILB,DEN
JJDOBBINS_LAC,J.Dobbins,RB,LAC
JJUCHE_NE,J.Uche,OLB,NE
TTBASS_BUF,T.Bass,K,BUF
NNWESTBROOKIKHINE_TEN,N.Westbrook-Ikhine,WR,TEN
AAEPENESA_BUF,A.Epenesa,DE,BUF
AAJENNINGS_NE,A.Jennings,OLB,NE
GGDAVIS_JAX,G.Davis,WR,JAX
GGSTONE_CIN,G.Stone,SS,CIN
TTTAGOVAILOA_MIA,T.Tagovailoa,QB,MIA
RRDAVIS_IND,R.Davis,NT,IND
DDBROWN_CAR,D.Brown,DE,CAR
BBJONES_DEN,B.Jones,FS,DEN
JJTAYLOR_IND,J.Taylor,RB,IND
JJGREENARD_MIN,J.Greenard,OLB,MIN
KKDUGGER_NE,K.Dugger,FS,NE
CCPARKINSON_LA,C.Parkinson,TE,LA
ZZMOSS_CIN,Z.Moss,RB,CIN
MMPITTMAN_IND,M.Pittman,WR,IND
JJBLACKMON_IND,J.Blackmon,FS,IND
CCMCKIVITZ_SF,C.McKivitz,T,SF
JJJENNINGS_SF,J.Jennings,WR,SF
JJKINLAW_NYJ,J.Kinlaw,DT,NYJ
BBAIYUK_SF,B.Aiyuk,WR,SF
DDHAMILTON_JAX,D.Hamilton,DT,JAX
JJLOVE_GB,J.Love,QB,GB
JJELLIOTT_SF,J.Elliott,DT,SF
LLSHENAULT_SEA,L.Shenault,WR,SEA
DDSWIFT_CHI,D.Swift,RB,CHI
MMHARRISON_BAL,M.Harrison,OLB,BAL
GGDELPIT_CLE,G.Delpit,SS,CLE
AATERRELL_ATL,A.Terrell,CB,ATL
NNIGBINOGHENE_WAS,N.Igbinoghene,CB,WAS
CCKMET_CHI,C.Kmet,TE,CHI
JJJOHNSON_CHI,J.Johnson,CB,CHI
JJCHINN_WAS,J.Chinn,FS,WAS
LLWILSON_CIN,L.Wilson,ILB,CIN
AADAVISGAITHER_CIN,A.Davis-Gaither,OLB,CIN
MMWALKER_WAS,M.Walker,ILB,WAS
JJHAWKINS_NE,J.Hawkins,FS,NE
DDMOONEY_ATL,D.Mooney,WR,ATL
BBMANN_PHI,B.Mann,P,PHI
CCYOUNG_NO,C.Young,DE,NO
JJJEFFERSON_MIN,J.Jefferson,WR,MIN
PPQUEEN_PIT,P.Queen,ILB,PIT
RRHUNT_CAR,R.Hunt,G,CAR
AAGIBSON_NE,A.Gibson,RB,NE
AADAVIS_NYJ,A.Davis,SS,NYJ
DDDUVERNAY_JAX,D.Duvernay,WR,JAX
AAHIGHSMITH_PIT,A.Highsmith,OLB,PIT
TTDYE_LAC,T.Dye,ILB,LAC
KKOSBORN_NE,K.Osborn,WR,NE
BBBRANDEL_MIN,B.Brandel,G,MIN
JJMETELLUS_MIN,J.Metellus,SS,MIN
KKCURL_LA,K.Curl,SS,LA
JJSMITHWILLIAMS_ATL,J.Smith-Williams,DE,ATL
JJHERBERT_LAC,J.Herbert,QB,LAC
CCLAMB_DAL,C.Lamb,WR,DAL
TTDIGGS_DAL,T.Diggs,CB,DAL
WWGAY_NO,W.Gay,ILB,NO
NNGALLIMORE_LA,N.Gallimore,NT,LA
LLSNEED_TEN,L.Sneed,CB,TEN
AAROBERTSON_DET,A.Robertson,CB,DET
TTBIADASZ_WAS,T.Biadasz,C,WAS
MMDANNA_KC,M.Danna,DE,KC
AAGILMAN_LAC,A.Gilman,SS,LAC
XXMCKINNEY_GB,X.McKinney,FS,GB
JJHURTS_PHI,J.Hurts,QB,PHI
KKWALLACE_SEA,K.Wallace,FS,SEA
CCTOOHILL_BUF,C.Toohill,DE,BUF
JJJEUDY_CLE,J.Jeudy,WR,CLE
JJBROOKS_MIA,J.Brooks,ILB,MIA
AAWINFIELD_TB,A.Winfield,FS,TB
DDTAYLOR_CHI,D.Taylor,DE,CHI
VVJEFFERSON_PIT,V.Jefferson,WR,PIT
KKFULTON_LAC,K.Fulton,CB,LAC
ZZBAUN_PHI,Z.Baun,OLB,PHI
AATRAUTMAN_DEN,A.Trautman,TE,DEN
DDDALLAS_ARI,D.Dallas,RB,ARI
TTJOHNSON_LA,T.Johnson,WR,LA
JJSTRNAD_DEN,J.Strnad,ILB,DEN
CCWOERNER_ATL,C.Woerner,TE,ATL
KKDAVIS_HOU,K.Davis,DT,HOU
JJFULLER_CAR,J.Fuller,FS,CAR
KKMURRAY_TEN,K.Murray,ILB,TEN
JJBURROW_CIN,J.Burrow,QB,CIN
KKPAYE_IND,K.Paye,DE,IND
DDODEYINGBO_IND,D.Odeyingbo,DE,IND
TTJONES_JAX,T.Jones,WR,JAX
JJSHERWOOD_NYJ,J.Sherwood,ILB,NYJ
MMCARTER_NYJ,M.Carter,CB,NYJ
JJPINNOCK_NYG,J.Pinnock,SS,NYG
DDTURNER_LV,D.Turner,WR,LV
RRBATEMAN_BAL,R.Bateman,WR,BAL
AAOJULARI_NYG,A.Ojulari,DE,NYG
NNCOLLINS_HOU,N.Collins,WR,HOU
CCHUBBARD_CAR,C.Hubbard,RB,CAR
BBJORDAN_HOU,B.Jordan,TE,HOU
DDLENOIR_SF,D.Lenoir,CB,SF
RRLOPEZ_ARI,R.Lopez,NT,ARI
AAWASHINGTON_BAL,A.Washington,FS,BAL
NNMCCLOUD_NYG,N.McCloud,CB,NYG
QQMORRIS_BUF,Q.Morris,TE,BUF
RRJONES_MIA,R.Jones,G,MIA
JJWADDLE_MIA,J.Waddle,WR,MIA
JJDAVIS_WAS,J.Davis,OLB,WAS
CCDARRISAW_MIN,C.Darrisaw,T,MIN
AASAMUEL_LAC,A.Samuel,CB,LAC
NNBOLTON_KC,N.Bolton,ILB,KC
AAMCNEILL_DET,A.McNeill,DT,DET
BBSTJUSTE_WAS,B.St-Juste,CB,WAS
JJBATES_WAS,J.Bates,TE,WAS
CCBYNUM_MIN,C.Bynum,FS,MIN
TTFIELDS_CLE,T.Fields,OLB,CLE
NNGRAY_KC,N.Gray,TE,KC
TTSLATON_GB,T.Slaton,DT,GB
KKBRITT_TB,K.Britt,ILB,TB
SSFORSYTHE_SEA,S.Forsythe,T,SEA
IIMCDUFFIE_GB,I.McDuffie,ILB,GB
IIMUKUAMU_DAL,I.Mukuamu,FS,DAL
ZZANDERSON_GB,Z.Anderson,FS,GB
CCSNOWDEN_LV,C.Snowden,DE,LV
AAOGBONGBEMIGA_CHI,A.Ogbongbemiga,ILB,CHI
CCROBINSON_SF,C.Robinson,ILB,SF
BBWRIGHT_DET,B.Wright,TE,DET
JJRHATTIGAN_CAR,J.Rhattigan,ILB,CAR
FFFRANKS_CAR,F.Franks,TE,CAR
EEMCPHERSON_CIN,E.McPherson,K,CIN
JJHUDSON_CLE,J.Hudson,T,CLE
NNHOBBS_LV,N.Hobbs,CB,LV
PPSURTAIN_DEN,P.Surtain,CB,DEN
RRSTEVENSON_NE,R.Stevenson,RB,NE
KKGRANSON_IND,K.Granson,TE,IND
JJDARDEN_CLE,J.Darden,WR,CLE
JJTUFELE_CIN,J.Tufele,DT,CIN
MMWILSON_NE,M.Wilson,CB,NE
TTBROWN_SEA,T.Brown,CB,SEA
LLFARRELL_JAX,L.Farrell,TE,JAX
DDHAMLIN_BUF,D.Hamlin,SS,BUF
NNHARRIS_PIT,N.Harris,RB,PIT
PPFREIERMUTH_PIT,P.Freiermuth,TE,PIT
JJCHASE_CIN,J.Chase,WR,CIN
EESTOKES_GB,E.Stokes,CB,GB
JJOSSAI_CIN,J.Ossai,DE,CIN
BBBROWN_LA,B.Brown,NT,LA
KKHERBERT_CHI,K.Herbert,RB,CHI
KKTONGA_ARI,K.Tonga,NT,ARI
DDSMITH_PHI,D.Smith,WR,PHI
GGROUSSEAU_BUF,G.Rousseau,DE,BUF
JJOWUSUKORAMOAH_CLE,J.Owusu-Koramoah,OLB,CLE
MMWILLIAMS_PHI,M.Williams,DT,PHI
KKGAINWELL_PHI,K.Gainwell,RB,PHI
PPTURNER_NO,P.Turner,DE,NO
PPWERNER_NO,P.Werner,ILB,NO
KKTRASK_TB,K.Trask,QB,TB
MMPARSONS_DAL,M.Parsons,DE,DAL
ZZCOLLINS_ARI,Z.Collins,OLB,ARI
JJPHILLIPS_MIA,J.Phillips,OLB,MIA
PPADEBO_NO,P.Adebo,CB,NO
OOOWEH_BAL,O.Oweh,OLB,BAL
AACISCO_JAX,A.Cisco,SS,JAX
OOODIGHIZUWA_DAL,O.Odighizuwa,DT,DAL
JJHORN_CAR,J.Horn,CB,CAR
JJFIELDS_PIT,J.Fields,QB,PIT
TTGRAHAM_ATL,T.Graham,DE,ATL
AAWILLIAMS_ATL,A.Williams,RB,ATL
JJCOOPER_DEN,J.Cooper,OLB,DEN
TTJENKINS_CHI,T.Jenkins,T,CHI
LLONWUZURIKE_DET,L.Onwuzurike,DE,DET
DDDALMAN_ATL,D.Dalman,C,ATL
TTMOEHRIG_LV,T.Moehrig,FS,LV
ABROWN_DET,A.St. Brown,WR,DET
DDBARNES_DET,D.Barnes,ILB,DET
JJTRYON_TB,J.Tryon,OLB,TB
KKPITTS_ATL,K.Pitts,TE,ATL
TTLAWRENCE_JAX,T.Lawrence,QB,JAX
TTETIENNE_JAX,T.Etienne,RB,JAX
TTYCAMPBELL_JAX,Ty.Campbell,CB,JAX
SSBROWN_BUF,S.Brown,T,BUF
EEMOORE_CLE,E.Moore,WR,CLE
CCGOLSTON_DAL,C.Golston,DE,DAL
BBSTEPHENS_BAL,B.Stephens,FS,BAL
JJPALMER_LAC,J.Palmer,WR,LAC
DDDEABLO_LV,D.Deablo,MLB,LV
EEMOLDEN_LAC,E.Molden,CB,LAC
EEJONES_TEN,E.Jones,ILB,TEN
BBBROWNING_DEN,B.Browning,OLB,DEN
GGNEWSOME_CLE,G.Newsome,CB,CLE
JJWILLIAMS_DEN,J.Williams,RB,DEN
JJHOLLAND_MIA,J.Holland,SS,MIA
CCSURRATT_NYJ,C.Surratt,ILB,NYJ
PPJONES_MIN,P.Jones,OLB,MIN
DDALFORD_ATL,D.Alford,CB,ATL
QQWALKER_GB,Q.Walker,ILB,GB
DDWYATT_GB,D.Wyatt,DT,GB
TTWOOLEN_SEA,T.Woolen,CB,SEA
BBJONES_CHI,B.Jones,T,CHI
GGCALCATERRA_PHI,G.Calcaterra,TE,PHI
BBMELTON_GB,B.Melton,WR,GB
DDYOUNG_SEA,D.Young,WR,SEA
EEHICKS_CHI,E.Hicks,FS,CHI
JJJONES_CHI,J.Jones,CB,CHI
JJBLACKWELL_CHI,J.Blackwell,CB,CHI
RRBLANKENSHIP_PHI,R.Blankenship,SS,PHI
BBCOVEY_PHI,B.Covey,WR,PHI
TTADAMS_NYJ,T.Adams,FS,NYJ
JJROSS_BAL,J.Ross,ILB,BAL
AAGARDNER_NYJ,A.Gardner,CB,NYJ
TTMCDUFFIE_KC,T.McDuffie,CB,KC
GGKARLAFTIS_KC,G.Karlaftis,DE,KC
BBCOOK_KC,B.Cook,FS,KC
JJAWATSON_KC,Ja.Watson,CB,KC
RRWALKER_GB,R.Walker,T,GB
IIPACHECO_KC,I.Pacheco,RB,KC
NNJOHNSON_KC,N.Johnson,CB,KC
BBSCHOOLER_NE,B.Schooler,FS,NE
JJCOCHRANE_KC,J.Cochrane,ILB,KC
CCDICKER_LAC,C.Dicker,K,LAC
JJWARREN_PIT,J.Warren,RB,PIT
IIEKWONU_CAR,I.Ekwonu,T,CAR
TTWALKER_JAX,T.Walker,DE,JAX
AAHUTCHINSON_DET,A.Hutchinson,DE,DET
DDSTINGLEY_HOU,D.Stingley,CB,HOU
DDLONDON_ATL,D.London,WR,ATL
CCOLAVE_NO,C.Olave,WR,NO
JJWILLIAMS_DET,J.Williams,WR,DET
TTPENNING_NO,T.Penning,T,NO
DDLLOYD_JAX,D.Lloyd,ILB,JAX
JJPITRE_HOU,J.Pitre,FS,HOU
GGPICKENS_PIT,G.Pickens,WR,PIT
JJCOOK_BUF,J.Cook,RB,BUF
NNBONITTO_DEN,N.Bonitto,OLB,DEN
MMEMERSON_CLE,M.Emerson,CB,CLE
AAWRIGHT_CLE,A.Wright,DE,CLE
GGDULCICH_DEN,G.Dulcich,TE,DEN
MMJONES_NE,M.Jones,CB,NE
TTBERNARD_BUF,T.Bernard,MLB,BUF
DDPARHAM_LV,D.Parham,G,LV
RRWHITE_TB,R.White,RB,TB
DDPIERCE_HOU,D.Pierce,RB,HOU
KKSHAKIR_BUF,K.Shakir,WR,BUF
TTBOOKER_PHI,T.Booker,DT,PHI
TTALLGEIER_ATL,T.Allgeier,RB,ATL
JJFORD_CLE,J.Ford,RB,CLE
ZZMCCOLLUM_TB,Z.McCollum,CB,TB
OOOGBONNIA_LAC,O.Ogbonnia,DT,LAC
TTCHANDLER_MIN,T.Chandler,RB,MIN
DDCLARK_DAL,D.Clark,ILB,DAL
MMARAIZA_KC,M.Araiza,P,KC
VVLOWE_NE,V.Lowe,T,NE
CCBENFORD_BUF,C.Benford,CB,BUF
MMRODRIGUEZ_DET,M.Rodriguez,ILB,DET
JJNAILOR_MIN,J.Nailor,WR,MIN
TTHJACKSON_MIN,Th.Jackson,FS,MIN
JJTAYLOR_LAC,J.Taylor,CB,LAC
MMBROWN_JAX,M.Brown,CB,JAX
MMROBINSON_PIT,M.Robinson,ILB,PIT
DDLEONARD_LAC,D.Leonard,CB,LAC
DDABELL_CLE,Da.Bell,SS,CLE
TTCONNER_MIA,T.Conner,WR,MIA
KKKOHOU_MIA,K.Kohou,CB,MIA
BBSTILLE_TB,B.Stille,DT,TB
JJMCMILLIAN_DEN,J.McMillian,CB,DEN
TTDENBOW_IND,T.Denbow,FS,IND
CCADOMITIS_CIN,C.Adomitis,LS,CIN
RRBLACKSHEAR_CAR,R.Blackshear,RB,CAR
TTMCALLISTER_LV,T.McAllister,RB,LV
JJHANSEN_HOU,J.Hansen,OLB,HOU
JJRUSSELL_TB,J.Russell,ILB,TB
MMBROWN_TEN,M.Brown,FS,TEN
RRWRIGHT_MIN,R.Wright,P,MIN
LLMASTERSON_LV,L.Masterson,OLB,LV
JJMASON_SF,J.Mason,RB,SF
SSOLUBI_IND,S.Olubi,MLB,IND
RRSHAHEED_NO,R.Shaheed,WR,NO
DDWHELAN_GB,D.Whelan,P,GB
DDBAKER_TEN,D.Baker,CB,TEN
RRRIVERS_LA,R.Rivers,RB,LA
MMBELL_DAL,M.Bell,FS,DAL
JJTHOMAS_DAL,J.Thomas,FS,DAL
NNLANDMAN_ATL,N.Landman,ILB,ATL
JJCHESTNUT_TEN,J.Chestnut,RB,TEN
JJGIBBENS_TEN,J.Gibbens,ILB,TEN
SSOKUAYINONU_SF,S.Okuayinonu,DE,SF
JJPEEVY_CAR,J.Peevy,DT,CAR
RRSTONEHOUSE_TEN,R.Stonehouse,P,TEN
KKTHIBODEAUX_NYG,K.Thibodeaux,OLB,NYG
KKYGREEN_HOU,Ky.Green,G,HOU
NNDEAN_PHI,N.Dean,ILB,PHI
NNCROSS_IND,N.Cross,SS,IND
MMGREENE_TB,M.Greene,DT,TB
JJINGRAM_BUF,J.Ingram,CB,BUF
CCBREWER_TB,C.Brewer,DT,TB
JJJOHNSON_NYJ,J.Johnson,OLB,NYJ
AAPIERCE_IND,A.Pierce,WR,IND
JJTOLBERT_DAL,J.Tolbert,WR,DAL
KKJOSEPH_DET,K.Joseph,FS,DET
BBAUBREY_DAL,B.Aubrey,K,DAL
JJPHARMS_NE,J.Pharms,DE,NE
GGWILSON_NYJ,G.Wilson,WR,NYJ
JJDOTSON_PHI,J.Dotson,WR,PHI
TTBURKS_TEN,T.Burks,WR,TEN
DDHILL_CIN,D.Hill,CB,CIN
TTMCBRIDE_ARI,T.McBride,TE,ARI
VVJONES_CHI,V.Jones,RB,CHI
BBROBINSON_WAS,B.Robinson,RB,WAS
CCTAYLORBRITT_CIN,C.Taylor-Britt,CB,CIN
NNPETITFRERE_TEN,N.Petit-Frere,T,TEN
TTJONES_BAL,T.Jones,DT,BAL
CCFLOTT_NYG,C.Flott,CB,NYG
DDLEAL_PIT,D.Leal,DE,PIT
KKTURPIN_DAL,K.Turpin,WR,DAL
ZZCARTER_CIN,Z.Carter,DT,CIN
DDMALONE_ATL,D.Malone,OLB,ATL
CCOKONKWO_TEN,C.Okonkwo,TE,TEN
TTANDERSEN_ATL,T.Andersen,ILB,ATL
CCMUMA_JAX,C.Muma,ILB,JAX
RRDOUBS_GB,R.Doubs,WR,GB
ZZTOM_GB,Z.Tom,T,GB
LLCHENAL_KC,L.Chenal,OLB,KC
TTLINDERBAUM_BAL,T.Linderbaum,C,BAL
BBPURDY_SF,B.Purdy,QB,SF
LLGOEDEKE_TB,L.Goedeke,G,TB
CCAUSTIN_PIT,C.Austin,WR,PIT
IILIKELY_BAL,I.Likely,TE,BAL
CCDURANT_LA,C.Durant,CB,LA
KKWILLIAMS_LA,K.Williams,RB,LA
QQLAKE_LA,Q.Lake,FS,LA
DDHARDY_CHI,D.Hardy,DE,CHI
AAARCURI_LA,A.Arcuri,T,LA
KKHAMILTON_BAL,K.Hamilton,SS,BAL
JJJONES_LV,J.Jones,CB,LV
ZZWHITE_LV,Z.White,RB,LV
JJFERGUSON_DAL,J.Ferguson,TE,DAL
JJCAMARDA_TB,J.Camarda,P,TB
JJWILLIAMS_KC,J.Williams,CB,KC
JJSTOUT_BAL,J.Stout,P,BAL
CCYORK_WAS,C.York,K,WAS
PPSTRONG_CLE,P.Strong,RB,CLE
PPMATHIS_WAS,P.Mathis,DT,WAS
PPBUTLER_WAS,P.Butler,FS,WAS
TTTHORNTON_NE,T.Thornton,WR,NE
MMCLEMONS_NYJ,M.Clemons,DE,NYJ
KKGORDON_CHI,K.Gordon,CB,CHI
DDBELLINGER_NYG,D.Bellinger,TE,NYG
AAEBIKETIE_ATL,A.Ebiketie,OLB,ATL
WWROBINSON_NYG,W.Robinson,WR,NYG
JJARMOURDAVIS_BAL,J.Armour-Davis,CB,BAL
BBHALL_NYJ,B.Hall,RB,NYJ
AATAYLOR_NO,A.Taylor,CB,NO
DDBELTON_NYG,D.Belton,SS,NYG
CCWATSON_GB,C.Watson,WR,GB
RRMCCREARY_TEN,R.McCreary,CB,TEN
MMWILLIS_GB,M.Willis,QB,GB
CCOTTON_TB,C.Otton,TE,TB
BBMAFE_SEA,B.Mafe,OLB,SEA
KKWALKER_SEA,K.Walker,RB,SEA
JJBRISKER_CHI,J.Brisker,SS,CHI
CCBRYANT_SEA,C.Bryant,CB,SEA
DDOJABO_BAL,D.Ojabo,OLB,BAL
JJCARTER_PHI,J.Carter,DT,PHI
DDWICKS_GB,D.Wicks,WR,GB
EEGRAY_NYG,E.Gray,RB,NYG
KKBROOKS_GB,K.Brooks,DT,GB
JJJONES_IND,J.Jones,CB,IND
MMOJOMO_PHI,M.Ojomo,DT,PHI
BBRUSSELL_SEA,B.Russell,TE,SEA
CCCHERELUS_CAR,C.Cherelus,ILB,CAR
XXGIPSON_NYJ,X.Gipson,WR,NYJ
TTSIMPSON_BAL,T.Simpson,ILB,BAL
JJRILEY_NYG,J.Riley,NT,NYG
DDJJOHNSON_CAR,Dj.Johnson,OLB,CAR
BBROBINSON_ATL,B.Robinson,RB,ATL
JJSMITHNJIGBA_SEA,J.Smith-Njigba,WR,SEA
QQJOHNSTON_LAC,Q.Johnston,WR,LAC
OOTORRENCE_BUF,O.Torrence,G,BUF
DDTURNER_CIN,D.Turner,CB,CIN
RRMOSS_DEN,R.Moss,CB,DEN
DDHENLEY_LAC,D.Henley,ILB,LAC
JJBROWN_SF,J.Brown,SS,SF
TTBIGSBY_JAX,T.Bigsby,RB,JAX
DDOVERSHOWN_DAL,D.Overshown,ILB,DAL
DDOWILLIAMS_BUF,Do.Williams,OLB,BUF
DDWASHINGTON_PIT,D.Washington,TE,PIT
MMIWILSON_ARI,Mi.Wilson,WR,ARI
JJMOODY_SF,J.Moody,K,SF
TTTUCKER_LV,T.Tucker,WR,LV
CCPHILLIPS_ATL,C.Phillips,CB,ATL
VVMILLER_JAX,V.Miller,ILB,JAX
DDDAVIS_LAC,D.Davis,WR,LAC
CCJONES_CIN,C.Jones,WR,CIN
NNIHERBIG_PIT,Ni.Herbig,OLB,PIT
JJYWARD_MIN,Jy.Ward,SS,MIN
YYABDULLAH_JAX,Y.Abdullah,OLB,JAX
JJHOWDEN_NO,J.Howden,SS,NO
MMMORRIS_SEA,M.Morris,DE,SEA
AAJOHNSON_JAX,A.Johnson,FS,JAX
CCBROWN_CIN,C.Brown,RB,CIN
HHTOOTOO_HOU,H.To'oTo'o,ILB,HOU
OOPAPPOE_ARI,O.Pappoe,ILB,ARI
RRBEAL_SF,R.Beal,DE,SF
JJSKINNER_DEN,J.Skinner,SS,DEN
PPWASHINGTON_JAX,P.Washington,WR,JAX
BBBARINGER_NE,B.Baringer,P,NE
SSMATLOCK_LAC,S.Matlock,FB,LAC
AABURNEY_LV,A.Burney,OLB,LV
XXHUTCHINSON_HOU,X.Hutchinson,WR,HOU
AAIOSIVAS_CIN,A.Iosivas,WR,CIN
DDDOUGLAS_NE,D.Douglas,WR,NE
DDVAUGHN_DAL,D.Vaughn,RB,DAL
JJBROOKS_DAL,J.Brooks,WR,DAL
SSANDERSON_PIT,S.Anderson,T,PIT
CCSMITH_DET,C.Smith,DT,DET
SSTHOMAS_ARI,S.Thomas,CB,ARI
JJMIMS_NO,J.Mims,RB,NO
EEDEMERCADO_ARI,E.Demercado,RB,ARI
MMDIABATE_CLE,M.Diabate,MLB,CLE
JJHILL_MIA,J.Hill,TE,MIA
HHLUEPKE_DAL,H.Luepke,FB,DAL
TTWHEAT_DAL,T.Wheat,DE,DAL
EELEOTA_CAR,E.Leota,OLB,CAR
JJMCLAUGHLIN_DEN,J.McLaughlin,RB,DEN
EEMWILSON_GB,Em.Wilson,RB,GB
IIPACE_MIN,I.Pace,ILB,MIN
CCIZIEN_TB,C.Izien,SS,TB
CCMURPHY_TEN,C.Murphy,OLB,TEN
BBGRUPE_NO,B.Grupe,K,NO
AAORJI_NO,A.Orji,ILB,NO
DDTHOMAS_SEA,D.Thomas,ILB,SEA
DDKINCAID_BUF,D.Kincaid,TE,BUF
AAHARRISON_JAX,A.Harrison,T,JAX
JJHYATT_NYG,J.Hyatt,WR,NYG
SSTUCKER_TB,S.Tucker,RB,TB
MMMIMS_DEN,M.Mims,WR,DEN
TTDELL_HOU,T.Dell,WR,HOU
CCTILLMAN_CLE,C.Tillman,WR,CLE
ZZHARRISON_ATL,Z.Harrison,DE,ATL
CCCONNER_KC,C.Conner,FS,KC
KKCLARK_ARI,K.Clark,CB,ARI
KKCOBURN_TEN,K.Coburn,NT,TEN
JJADDISON_MIN,J.Addison,WR,MIN
TTKRAFT_GB,T.Kraft,TE,GB
JJHAENER_NO,J.Haener,QB,NO
DDBANKS_NYG,D.Banks,CB,NYG
FFANUDIKEUZOMAH_KC,F.Anudike-Uzomah,DE,KC
GGWILLIAMS_ARI,G.Williams,CB,ARI
NNSMITH_PHI,N.Smith,OLB,PHI
DDJONES_CLE,D.Jones,T,CLE
JJCAMPBELL_DET,J.Campbell,ILB,DET
AABRADFORD_SEA,A.Bradford,G,SEA
TTSPEARS_TEN,T.Spears,RB,TEN
PPSKORONSKI_TEN,P.Skoronski,G,TEN
DDACHANE_MIA,D.Achane,RB,MIA
EEHIGGINS_ARI,E.Higgins,TE,ARI
DDHALL_SEA,D.Hall,OLB,SEA
SSDENNIS_TB,S.Dennis,ILB,TB
TTPALMER_TB,T.Palmer,WR,TB
EEEVANS_LA,E.Evans,P,LA
JJMINGO_CAR,J.Mingo,WR,CAR
ZZFLOWERS_BAL,Z.Flowers,WR,BAL
SSLAPORTA_DET,S.LaPorta,TE,DET
MMMAYER_LV,M.Mayer,TE,LV
RRRICE_KC,R.Rice,WR,KC
GGDEXTER_CHI,G.Dexter,DT,CHI
TTSTEVENSON_CHI,T.Stevenson,CB,CHI
JJBENNETT_LV,J.Bennett,CB,LV
DDALLEN_LA,D.Allen,TE,LA
PPNACUA_LA,P.Nacua,WR,LA
NNHAMPTON_LA,N.Hampton,OLB,LA
WWMCCLENDON_LA,W.McClendon,T,LA
WWANDERSON_HOU,W.Anderson,DE,HOU
KKBENTON_PIT,K.Benton,DT,PIT
LNESS_GB,L.Van Ness,DE,GB
BBYOUNG_LA,B.Young,OLB,LA
KKTURNER_LA,K.Turner,NT,LA
JJGIBBS_DET,J.Gibbs,RB,DET
KKRINGO_PHI,K.Ringo,CB,PHI
BBBRANCH_DET,B.Branch,SS,DET
WWMCDONALD_NYJ,W.McDonald,OLB,NYJ
IIFOSKEY_NO,I.Foskey,DE,NO
LLMUSGRAVE_GB,L.Musgrave,TE,GB
JJREED_GB,J.Reed,WR,GB
CCGONZALEZ_NE,C.Gonzalez,CB,NE
KKWHITE_NE,K.White,DE,NE
QQMARTIN_WAS,Q.Martin,FS,WAS
BBYOUNG_CAR,B.Young,QB,CAR
EEFORBES_WAS,E.Forbes,CB,WAS
WWLEVIS_TEN,W.Levis,QB,TEN
JJBRENTS_IND,J.Brents,CB,IND
CCSTROUD_HOU,C.Stroud,QB,HOU
AARICHARDSON_IND,A.Richardson,QB,IND
ZZCHARBONNET_SEA,Z.Charbonnet,RB,SEA
JJPORTER_PIT,J.Porter,CB,PIT
DDWITHERSPOON_SEA,D.Witherspoon,CB,SEA
JJBATES_DET,J.Bates,K,DET
NNWIGGINS_BAL,N.Wiggins,CB,BAL
JJWILSON_PHI,J.Wilson,WR,PHI
BBMCGREGOR_NYJ,B.McGregor,DE,NYJ
DDWILLIAMS_SEA,D.Williams,CB,SEA
BBMURPHY_SEA,B.Murphy,DT,SEA
RRREHKOW_CIN,R.Rehkow,P,CIN
CCSTEELE_KC,C.Steele,RB,KC
BBCODRINGTON_BUF,B.Codrington,CB,BUF
MMNABERS_NYG,M.Nabers,WR,NYG
BBBOWERS_LV,B.Bowers,TE,LV
TTFUAGA_NO,T.Fuaga,T,NO
TTGUYTON_DAL,T.Guyton,T,DAL
XXLEGETTE_CAR,X.Legette,WR,CAR
KKLASSITER_HOU,K.Lassiter,CB,HOU
RRGREEN_SF,R.Green,CB,SF
JJCOLSON_LAC,J.Colson,OLB,LAC
TTWALLACE_CAR,T.Wallace,ILB,CAR
MMLIUFAU_DAL,M.Liufau,ILB,DAL
JJJONES_JAX,J.Jones,CB,JAX
LLMCCAFFREY_WAS,L.McCaffrey,WR,WAS
JJSANDERS_CAR,J.Sanders,TE,CAR
MMMUSTAPHA_SF,M.Mustapha,FS,SF
BBIRVING_TB,B.Irving,RB,TB
IIGUERENDO_SF,I.Guerendo,RB,SF
JJCOWING_SF,J.Cowing,WR,SF
JJBERTRAND_ATL,J.Bertrand,ILB,ATL
JJBROWNLEE_TEN,J.Brownlee,CB,TEN
AAESTIME_DEN,A.Estime,RB,DEN
CCSMITHWADE_CAR,C.Smith-Wade,CB,CAR
TTTRACY_NYG,T.Tracy,RB,NYG
BBMEANS_NO,B.Means,WR,NO
CCCARSON_DAL,C.Carson,CB,DAL
JJJACKSON_TEN,J.Jackson,WR,TEN
MMWINGO_DET,M.Wingo,DT,DET
KKBOYD_NO,K.Boyd,DT,NO
WWREICHARD_MIN,W.Reichard,K,MIN
CCLITTLE_JAX,C.Little,K,JAX
JJJEANBAPTISTE_WAS,J.Jean-Baptiste,DE,WAS
DDVELE_DEN,D.Vele,WR,DEN
JJHARRELL_TEN,J.Harrell,OLB,TEN
BBBISHOP_PIT,B.Bishop,CB,PIT
SSDUCK_MIA,S.Duck,CB,MIA
SSSHRADER_IND,S.Shrader,K,IND
KKJOHNSON_TB,K.Johnson,WR,TB
BBBROOKS_HOU,B.Brooks,RB,HOU
MMHAYBALL_NO,M.Hayball,P,NO
RRPAYTON_NO,R.Payton,CB,NO
MMTIPTON_NO,M.Tipton,WR,NO
BBNARVESON_GB,B.Narveson,K,GB
DDPETTUS_NE,D.Pettus,FS,NE
JJLATHAM_TEN,J.Latham,T,TEN
BBNIX_DEN,B.Nix,QB,DEN
BBFISKE_LA,B.Fiske,DT,LA
BBCORUM_LA,B.Corum,RB,LA
PPWILSON_PIT,P.Wilson,ILB,PIT
TTTAYLOR_CHI,T.Taylor,P,CHI
WWSHIPLEY_PHI,W.Shipley,RB,PHI
TTDAVIS_LA,T.Davis,DE,LA
JJKARTY_LA,J.Karty,K,LA
JJWHITTINGTON_LA,J.Whittington,WR,LA
EECHATMAN_NYG,E.Chatman,DT,NYG
BBALLEN_NYJ,B.Allen,RB,NYJ
MMMELTON_ARI,M.Melton,CB,ARI
AAGOULD_IND,A.Gould,WR,IND
AAPHILLIPS_NYG,A.Phillips,CB,NYG
DDMUASAU_NYG,D.Muasau,ILB,NYG
KKKINCHENS_LA,K.Kinchens,FS,LA
CCBULLOCK_HOU,C.Bullock,SS,HOU
KKSUAMATAIA_KC,K.Suamataia,T,KC
TTSMITH_TB,T.Smith,SS,TB
TTJOHNSON_NYG,T.Johnson,TE,NYG
MMHARRISON_ARI,M.Harrison,WR,ARI
EECOOPER_GB,E.Cooper,ILB,GB
JJVERSE_LA,J.Verse,OLB,LA
JJMCMILLAN_TB,J.McMillan,WR,TB
KKMCKINSTRY_NO,K.McKinstry,CB,NO
TTNUBIN_NYG,T.Nubin,SS,NYG
EERAKESTRAW_DET,E.Rakestraw,CB,DET
JJBULLARD_GB,J.Bullard,SS,GB
RRDAVIS_BUF,R.Davis,RB,BUF
QQMITCHELL_PHI,Q.Mitchell,CB,PHI
AAMITCHELL_IND,A.Mitchell,WR,IND
BBTHOMAS_JAX,B.Thomas,WR,JAX
XXWORTHY_KC,X.Worthy,WR,KC
MMSAINRISTIL_WAS,M.Sainristil,CB,WAS
MMKNEELAND_DAL,M.Kneeland,DE,DAL
KKCOLEMAN_BUF,K.Coleman,WR,BUF
CCBRASWELL_TB,C.Braswell,OLB,TB
TTARNOLD_DET,T.Arnold,CB,DET
JJPOLK_NE,J.Polk,WR,NE
JJDANIELS_WAS,J.Daniels,QB,WAS
CCROBINSON_MIA,C.Robinson,OLB,MIA
LLMCCONKEY_LAC,L.McConkey,WR,LAC
CCWILLIAMS_CHI,C.Williams,QB,CHI
RRODUNZE_CHI,R.Odunze,WR,CHI
TTBENSON_ARI,T.Benson,RB,ARI
DDTURNER_MIN,D.Turner,OLB,MIN
MMLEWIS_CHI,M.Lewis,TE,CHI
TTWILLIAMS_SF,T.Williams,T,SF
LLJOSEPH_DAL,L.Joseph,NT,DAL
NNBELLORE_WAS,N.Bellore,ILB,WAS
RRMCLEOD_CLE,R.McLeod,FS,CLE
KKBEACHUM_ARI,K.Beachum,T,ARI
TTARMSTEAD_MIA,T.Armstead,T,MIA
RRWOODS_HOU,R.Woods,WR,HOU
CCLUCAS_WAS,C.Lucas,T,WAS
BBURBAN_BAL,B.Urban,DE,BAL
CCMANHERTZ_NYG,C.Manhertz,TE,NYG
JJWINSTON_CLE,J.Winston,QB,CLE
NNHEWITT_HOU,N.Hewitt,ILB,HOU
TTBROWN_CIN,T.Brown,T,CIN
CCCONLEY_SF,C.Conley,WR,SF
JJAREED_SEA,Ja.Reed,NT,SEA
DDREADER_DET,D.Reader,NT,DET
EEROBERTS_PIT,E.Roberts,ILB,PIT
RRCHOSEN_MIA,R.Chosen,WR,MIA
EEMURRAY_HOU,E.Murray,FS,HOU
TTPATRICK_DET,T.Patrick,WR,DET
PPRICARD_BAL,P.Ricard,FB,BAL
RRMCMILLAN_NE,R.McMillan,ILB,NE
MMWILLIAMS_NYJ,M.Williams,WR,NYJ
GGBOLLES_DEN,G.Bolles,T,DEN
TTMCKINLEY_NYJ,T.McKinley,DE,NYJ
JJLEDBETTER_JAX,J.Ledbetter,DT,JAX
NNBROWN_WAS,N.Brown,WR,WAS
MMDAVIS_WAS,M.Davis,CB,WAS
MMTRUBISKY_BUF,M.Trubisky,QB,BUF
JJADAMS_TEN,J.Adams,SS,TEN
MMMAYE_MIA,M.Maye,FS,MIA
EEPOCIC_CLE,E.Pocic,C,CLE
DDFOREMAN_CLE,D.Foreman,RB,CLE
DDWISE_NE,D.Wise,DE,NE
QQNELSON_IND,Q.Nelson,G,IND
WWHERNANDEZ_ARI,W.Hernandez,G,ARI
IIOLIVER_NYJ,I.Oliver,CB,NYJ
BBNICHOLS_ARI,B.Nichols,DT,ARI
WWTELLER_CLE,W.Teller,G,CLE
DDGARDECK_ARI,D.Gardeck,OLB,ARI
TTSHERFIELD_MIN,T.Sherfield,WR,MIN
TTTHOMAS_TB,T.Thomas,CB,TB
LLWALLACE_DEN,L.Wallace,CB,DEN
MMFORD_CLE,M.Ford,CB,CLE
OOBROWN_CIN,O.Brown,T,CIN
TTFLOWERS_JAX,T.Flowers,CB,JAX
OOOKORONKWO_CLE,O.Okoronkwo,DE,CLE
JJKELLY_BAL,J.Kelly,RB,BAL
DDNNADI_KC,D.Nnadi,DT,KC
TTBRYAN_IND,T.Bryan,DT,IND
JJSKULE_TB,J.Skule,T,TB
JJBARTON_ARI,J.Barton,T,ARI
KKGIVENS_SF,K.Givens,DT,SF
UUAMADI_NO,U.Amadi,FS,NO
AASEIBERT_WAS,A.Seibert,K,WAS
NNALLEGRETTI_WAS,N.Allegretti,G,WAS
EEOLIVER_BUF,E.Oliver,DT,BUF
TTHOWARD_HOU,T.Howard,T,HOU
LLJOHNSON_CAR,L.Johnson,FS,CAR
HHFROHOLDT_ARI,H.Froholdt,C,ARI
MMJORDAN_NE,M.Jordan,G,NE
MMGAY_IND,M.Gay,K,IND
TTWILLIAMS_CIN,T.Williams,RB,CIN
LLGIFFORD_TEN,L.Gifford,OLB,TEN
TTKENNEDY_DET,T.Kennedy,WR,DET
DDJOHNSON_JAX,D.Johnson,RB,JAX
DDSAMPLE_CIN,D.Sample,TE,CIN
LLCOLLIER_ARI,L.Collier,DT,ARI
NNDAVIS_CHI,N.Davis,G,CHI
CCWAITMAN_PIT,C.Waitman,P,PIT
JJWILLIAMS_MIN,J.Williams,DE,MIN
NNMADUBUIKE_BAL,N.Madubuike,DT,BAL
JJPROCHE_CLE,J.Proche,WR,CLE
TTTART_LAC,T.Tart,DT,LAC
HHBRYANT_LV,H.Bryant,TE,LV
SSQUARTERMAN_LAC,S.Quarterman,ILB,LAC
AAJACKSON_MIA,A.Jackson,T,MIA
JJOKWARA_ARI,J.Okwara,OLB,ARI
YYGROSSMATOS_SF,Y.Gross-Matos,OLB,SF
DDTHOMAS_JAX,D.Thomas,SS,JAX
KKHUDSON_CLE,K.Hudson,ILB,CLE
IISIMMONS_NYG,I.Simmons,MLB,NYG
LLCUSHENBERRY_TEN,L.Cushenberry,C,TEN
CCRUIZ_NO,C.Ruiz,C,NO
CCAKERS_HOU,C.Akers,RB,HOU
BBECHOLS_NYJ,B.Echols,CB,NYJ
AABANKS_SF,A.Banks,G,SF
SSCOSMI_WAS,S.Cosmi,G,WAS
DDRADUNZ_TEN,D.Radunz,T,TEN
JJMYERS_GB,J.Myers,C,GB
DDBROWN_WAS,D.Brown,WR,WAS
TTSMITH_KC,T.Smith,G,KC
DDKEY_DEN,D.Key,SS,DEN
CCJOHNSON_JAX,C.Johnson,ILB,JAX
SSKAMARA_CLE,S.Kamara,OLB,CLE
AAPRENTICE_NO,A.Prentice,FB,NO
CCELLISS_NE,C.Elliss,ILB,NE
IILOUDERMILK_PIT,I.Loudermilk,DE,PIT
TTATWELL_LA,T.Atwell,WR,LA
BBSKOWRONEK_PIT,B.Skowronek,WR,PIT
DDMOORE_PIT,D.Moore,T,PIT
JJROBINSON_LV,J.Robinson,DE,LV
VVDIMUKEJE_ARI,V.Dimukeje,OLB,ARI
RRGRANT_ATL,R.Grant,SS,ATL
TTSERMON_IND,T.Sermon,RB,IND
LLDICKERSON_PHI,L.Dickerson,G,PHI
HHLONG_LA,H.Long,TE,LA
TTTREMBLE_CAR,T.Tremble,TE,CAR
LLEICHENBERG_MIA,L.Eichenberg,G,MIA
JJDAVIS_PHI,J.Davis,DT,PHI
KKENAGBARE_GB,K.Enagbare,DE,GB
TTBADIE_DEN,T.Badie,RB,DEN
JJSANBORN_CHI,J.Sanborn,ILB,CHI
JJTONGES_SF,J.Tonges,TE,SF
TTGOODSON_IND,T.Goodson,RB,IND
IICHARLES_NYJ,I.Charles,WR,NYJ
LLRAY_CAR,L.Ray,DE,CAR
DDBELL_CLE,D.Bell,WR,CLE
MMMCFADDEN_NYG,M.McFadden,MLB,NYG
EEOTOMEWO_JAX,E.Otomewo,DE,JAX
AAOGLETREE_IND,A.Ogletree,TE,IND
JJJACKSON_DEN,J.Jackson,DE,DEN
CCOHEYWARD_PIT,Co.Heyward,TE,PIT
KKKIEFT_TB,K.Kieft,TE,TB
BBSPECTOR_BUF,B.Spector,ILB,BUF
RRTHOMAS_IND,R.Thomas,FS,IND
SSTHOMPSON_MIA,S.Thompson,QB,MIA
DDFLOWERS_IND,D.Flowers,CB,IND
KKJONATHAN_BUF,K.Jonathan,DE,BUF
IIPOLAMAO_LV,I.Pola-Mao,FS,LV
PPHENDERSHOT_KC,P.Hendershot,TE,KC
HHHASKINS_LAC,H.Haskins,RB,LAC
JJHUMMEL_LA,J.Hummel,ILB,LA
TTANDERSON_CIN,T.Anderson,SS,CIN
JJRUCKERT_NYJ,J.Ruckert,TE,NYJ
SSWOMACK_IND,S.Womack,CB,IND
CCKOLAR_BAL,C.Kolar,TE,BAL
JJPASCHAL_DET,J.Paschal,DE,DET
AAEVANS_MIN,A.Evans,CB,MIN
CCJURGENS_PHI,C.Jurgens,G,PHI
LLHALL_TB,L.Hall,DE,TB
AAVORHEES_BAL,A.Vorhees,G,BAL
JJBERNARDCONVERSE_NYJ,J.Bernard-Converse,CB,NYJ
CCVALENTINE_GB,C.Valentine,CB,GB
TTROBINSON_BAL,T.Robinson,OLB,BAL
GGDUBOSE_MIA,G.DuBose,WR,MIA
LLSCHOONMAKER_DAL,L.Schoonmaker,TE,DAL
CCTUNE_ARI,C.Tune,QB,ARI
CCMITCHELL_CLE,C.Mitchell,CB,CLE
JJWHYLE_TEN,J.Whyle,TE,TEN
CCSMITH_LV,C.Smith,SS,LV
NNSILVERA_LV,N.Silvera,DT,LV
CCTRICE_PIT,C.Trice,CB,PIT
KKSMITH_DEN,K.Smith,FS,DEN
RRHICKMAN_CLE,R.Hickman,SS,CLE
IILAND_IND,I.Land,DE,IND
JJBOBO_SEA,J.Bobo,WR,SEA
NNADKINS_DEN,N.Adkins,TE,DEN
AAFINLEY_LAC,A.Finley,FS,LAC
DDWRIGHT_CHI,D.Wright,T,CHI
BBSTRANGE_JAX,B.Strange,TE,JAX
WWMORRIS_KC,W.Morris,T,KC
BBBRESEE_NO,B.Bresee,DT,NO
AAADEBAWORE_IND,A.Adebawore,DT,IND
DDJOHNSON_LA,D.Johnson,DT,LA
YYDIABY_TB,Y.Diaby,OLB,TB
BBJONES_PIT,B.Jones,T,PIT
TTTUIPULOTU_LAC,T.Tuipulotu,DE,LAC
CCMAUCH_TB,C.Mauch,G,TB
LLLATU_IND,L.Latu,DE,IND
CCBEEBE_DAL,C.Beebe,C,DAL
DDPUNI_SF,D.Puni,G,SF
CCSTOVER_HOU,C.Stover,TE,HOU
SSVAKI_DET,S.Vaki,RB,DET
XXTHOMAS_ARI,X.Thomas,OLB,ARI
CCHART_LAC,C.Hart,CB,LAC
JJCARLIES_IND,J.Carlies,MLB,IND
DDPRINCE_JAX,D.Prince,CB,JAX
DDANTHONY_CIN,D.Anthony,FS,CIN
MMCOLE_JAX,M.Cole,DE,JAX
BBSPANNFORD_DAL,B.Spann-Ford,TE,DAL
IISTALBIRD_NO,I.Stalbird,ILB,NO
TTOWENS_WAS,T.Owens,SS,WAS
CCYANKOFF_WAS,C.Yankoff,RB,WAS
TTTAIMANI_MIN,T.Taimani,NT,MIN
BBLIMMER_LA,B.Limmer,C,LA
CCWOODS_LA,C.Woods,CB,LA
JJMCCOLLOUGH_LA,J.McCollough,FS,LA
AABARNER_SEA,A.Barner,TE,SEA
JJELLISS_DEN,J.Elliss,OLB,DEN
JJBURTON_CIN,J.Burton,WR,CIN
MMLLOYD_GB,M.Lloyd,RB,GB
EEWILLIAMS_GB,E.Williams,SS,GB
EEALL_CIN,E.All,TE,CIN
TTKNIGHT_SEA,T.Knight,MLB,SEA
JJWILEY_KC,J.Wiley,TE,KC
JJHICKS_KC,J.Hicks,SS,KC
JJTROTTER_PHI,J.Trotter,ILB,PHI
AABOOKER_CHI,A.Booker,DE,CHI
TTFRANKLIN_DEN,T.Franklin,WR,DEN
CCBISHOP_BUF,C.Bishop,CB,BUF
JJWRIGHT_MIA,J.Wright,RB,MIA
BBSINNOTT_WAS,B.Sinnott,TE,WAS
MMCORLEY_NYJ,M.Corley,WR,NYJ
JJHUGHES_HOU,J.Hughes,DE,HOU
LLGUY_CIN,L.Guy,DT,CIN
JJWINCHESTER_KC,J.Winchester,LS,KC
CCKREITER_NYG,C.Kreiter,LS,NYG
MMMOSES_NYJ,M.Moses,T,NYJ
DDWILLIAMS_CAR,D.Williams,DE,CAR
TTHEINICKE_LAC,T.Heinicke,QB,LAC
BBSCHERFF_JAX,B.Scherff,G,JAX
LLTOMLINSON_SEA,L.Tomlinson,G,SEA
TTDECKER_DET,T.Decker,T,DET
DDLOWRY_PIT,D.Lowry,DE,PIT
KKGRUGIERHILL_MIN,K.Grugier-Hill,ILB,MIN
JJBRENDEL_SF,J.Brendel,C,SF
AAHAMILTON_ATL,A.Hamilton,CB,ATL
TTHENNESSY_NYJ,T.Hennessy,LS,NYJ
NNMULLENS_MIN,N.Mullens,QB,MIN
PPBROWN_SEA,P.Brown,TE,SEA
DDRILEY_MIA,D.Riley,ILB,MIA
SSNORTON_ATL,S.Norton,T,ATL
CCHARRIS_CAR,C.Harris,DE,CAR
CCKUNTZ_PIT,C.Kuntz,LS,PIT
RRDWELLEY_ATL,R.Dwelley,TE,ATL
CCLAMMONS_IND,C.Lammons,CB,IND
TTBOYLE_MIA,T.Boyle,QB,MIA
AACORBETT_CAR,A.Corbett,C,CAR
BBBOZEMAN_LAC,B.Bozeman,C,LAC
BBNIEMANN_DET,B.Niemann,ILB,DET
CCWILLIAMS_SEA,C.Williams,C,SEA
SSNEAL_MIA,S.Neal,CB,MIA
TTSETTLE_HOU,T.Settle,DT,HOU
GGJOSEPH_NYG,G.Joseph,K,NYG
JJREAVES_WAS,J.Reaves,FS,WAS
TTBROWN_CLE,T.Brown,CB,CLE
TTSCOTT_WAS,T.Scott,T,WAS
SSEGUAVOEN_NYJ,S.Eguavoen,ILB,NYJ
FFJOHNSON_PHI,F.Johnson,T,PHI
DDROSS_HOU,D.Ross,CB,HOU
BBPOWERS_DEN,B.Powers,G,DEN
JJGILESHARRIS_NE,J.Giles-Harris,OLB,NE
NNMOORE_BAL,N.Moore,LS,BAL
EEJENKINS_GB,E.Jenkins,G,GB
PPCAMPBELL_PHI,P.Campbell,WR,PHI
JJJOHNSON_NYG,J.Johnson,FB,NYG
JJBOBENMOYER_LV,J.Bobenmoyer,LS,LV
BBPRICE_WAS,B.Price,FS,WAS
JJTAYLOR_HOU,J.Taylor,RB,HOU
RRGILLIAM_BUF,R.Gilliam,FB,BUF
CCJOHNSON_CHI,C.Johnson,WR,CHI
JJDEGUARA_JAX,J.Deguara,TE,JAX
JJSIMPSON_NYJ,J.Simpson,G,NYJ
AATHOMAS_NYG,A.Thomas,T,NYG
TTWIRFS_TB,T.Wirfs,T,TB
TTHIGGINS_CIN,T.Higgins,WR,CIN
TTHUFANGA_SF,T.Hufanga,SS,SF
AAJACKSON_LA,A.Jackson,T,LA
DDESKRIDGE_MIA,D.Eskridge,WR,MIA
IISMITHMARSETTE_NYG,I.Smith-Marsette,WR,NYG
SSFEHOKO_LAC,S.Fehoko,WR,LAC
MMHERRING_KC,M.Herring,DE,KC
JJSTOLL_PHI,J.Stoll,TE,PHI
PPSEWELL_DET,P.Sewell,T,DET
DDMILLS_HOU,D.Mills,QB,HOU
RRROCHELL_GB,R.Rochell,CB,GB
MMJONES_JAX,M.Jones,QB,JAX
WWLITTLE_JAX,W.Little,T,JAX
RRSLATER_LAC,R.Slater,T,LAC
JJBLOUNT_ARI,J.Blount,FS,ARI
KKELAM_BUF,K.Elam,CB,BUF
TTSMITH_DAL,T.Smith,G,DAL
DDDAVIDSON_NYG,D.Davidson,DT,NYG
EEJOHNSON_NE,E.Johnson,DT,NE
JJRIDGEWAY_NO,J.Ridgeway,DT,NO
KKINGRAM_KC,K.Ingram,RB,KC
AAMOSBY_GB,A.Mosby,DE,GB
KKMAUGA_LV,K.Mauga,ILB,LV
RRWILLIAMS_PIT,R.Williams,TE,PIT
SSSMARTT_LAC,S.Smartt,TE,LAC
SSWEBB_LV,S.Webb,CB,LV
DDTILLMAN_DEN,D.Tillman,OLB,DEN
BBASAMOAH_MIN,B.Asamoah,ILB,MIN
EEEZUKANMA_MIA,E.Ezukanma,WR,MIA
DDFAALELE_BAL,D.Faalele,T,BAL
XXSMITH_LA,X.Smith,WR,LA
BBFORDWHEATON_NYG,B.Ford-Wheaton,WR,NYG
CCAJONES_KC,Ca.Jones,ILB,KC
CCZAVALA_CAR,C.Zavala,G,CAR
TTWILSON_LV,T.Wilson,DE,LV
MMSMITH_DAL,M.Smith,DT,DAL
AAOCONNELL_LV,A.O'Connell,QB,LV
JJROBINSON_CAR,J.Robinson,SS,CAR
KKBOUTTE_NE,K.Boutte,WR,NE
CCBRASWELL_JAX,C.Braswell,CB,JAX
DDSTILLS_ARI,D.Stills,DT,ARI
AAJONES_WAS,A.Jones,DE,WAS
KKMCINTOSH_SEA,K.McIntosh,RB,SEA
RRBELL_SF,R.Bell,WR,SF
CCBROOKS_GB,C.Brooks,RB,GB
TTMCCALISTER_DEN,T.McCalister,FS,DEN
AAGAYE_TEN,A.Gaye,DE,TEN
JJREDMOND_MIN,J.Redmond,DE,MIN
AAGREEN_NYG,A.Green,CB,NYG
OOREESE_TEN,O.Reese,ILB,TEN
JJSCRUGGS_HOU,J.Scruggs,C,HOU
TTLACY_JAX,T.Lacy,DT,JAX
JJDOWNS_IND,J.Downs,WR,IND
RRJOHNSON_CHI,R.Johnson,RB,CHI
PPDURHAM_TB,P.Durham,TE,TB
LLTAYLOR_NYJ,L.Taylor,DT,NYJ
MMMCCORMICK_PIT,M.McCormick,G,PIT
TTEICHENBERG_LV,T.Eichenberg,MLB,LV
JJNEWTON_CIN,J.Newton,CB,CIN
MMDIAL_NE,M.Dial,CB,NE
JJLAULU_LV,J.Laulu,DT,LV
WWREID_CLE,W.Reid,ILB,CLE
MMNJONGMETA_CIN,M.Njongmeta,ILB,CIN
TTHARPER_LV,T.Harper,FS,LV
BBRICHTER_MIN,B.Richter,OLB,MIN
TTREIMAN_ARI,T.Reiman,TE,ARI
CCJOHNSON_CIN,C.Johnson,DE,CIN
JJANDREESSEN_BUF,J.Andreessen,OLB,BUF
IIDAVIS_NYJ,I.Davis,RB,NYJ
CCDEJEAN_PHI,C.DeJean,CB,PHI
DDMAYE_NE,D.Maye,QB,NE
CCWALLACE_NE,C.Wallace,T,NE
DDTAYLORDEMERSON_ARI,D.Taylor-Demerson,FS,ARI
JJSOLOMON_BUF,J.Solomon,DE,BUF
TTSWEAT_TEN,T.Sweat,NT,TEN
MMSMITH_JAX,M.Smith,DT,JAX
JJALT_LAC,J.Alt,T,LAC
GGBARTON_TB,G.Barton,C,TB
JJNEWTON_WAS,J.Newton,DT,WAS
KKJENKINS_CIN,K.Jenkins,DT,CIN
AAMIMS_CIN,A.Mims,T,CIN
JJFLACCO_IND,J.Flacco,QB,IND
JJJOHNSON_BAL,J.Johnson,QB,BAL
MMCOX_TEN,M.Cox,LS,TEN
TTSMITH_NYJ,T.Smith,T,NYJ
SSMASON_HOU,S.Mason,G,HOU
AABLACKSON_ARI,A.Blackson,DT,ARI
SSSHEPARD_TB,S.Shepard,WR,TB
AAGOTSIS_IND,A.Gotsis,DT,IND
ZZPASCAL_ARI,Z.Pascal,WR,ARI
TTBOWSER_SEA,T.Bowser,OLB,SEA
NNMORROW_BUF,N.Morrow,ILB,BUF
JJROSS_PHI,J.Ross,WR,PHI
CCLAWSON_DAL,C.Lawson,DE,DAL
AAWITHERSPOON_LA,A.Witherspoon,CB,LA
DDSMOOT_BUF,D.Smoot,DE,BUF
KKHUNT_KC,K.Hunt,RB,KC
BBONEILL_MIN,B.O'Neill,T,MIN
TTMOORE_CHI,T.Moore,SS,CHI
TTSMITH_DEN,T.Smith,CB,DEN
MMPRYOR_CHI,M.Pryor,T,CHI
BBHECTOR_NYJ,B.Hector,DT,NYJ
MMRUDOLPH_TEN,M.Rudolph,QB,TEN
TTEDMUNDS_PIT,T.Edmunds,FS,PIT
SSMUSTIPHER_LAC,S.Mustipher,C,LAC
MMABERNATHY_ATL,M.Abernathy,FS,ATL
PPMEKARI_BAL,P.Mekari,G,BAL
DDIJOHNSON_CAR,Di.Johnson,WR,CAR
AAORUWARIYE_DAL,A.Oruwariye,CB,DAL
AABACHMAN_LV,A.Bachman,WR,LV
CCBALLENTINE_GB,C.Ballentine,CB,GB
KKSAUNDERS_NO,K.Saunders,DT,NO
DDEDWARDS_BUF,D.Edwards,G,BUF
TTPIPKINS_LAC,T.Pipkins,T,LAC
DDSHELLEY_NYG,D.Shelley,CB,NYG
BBJONES_MIA,B.Jones,DT,MIA
MMADAMS_SEA,M.Adams,DE,SEA
PPTAYLOR_SF,P.Taylor,RB,SF
TTHUNTLEY_MIA,T.Huntley,QB,MIA
JJELLIOTT_PIT,J.Elliott,SS,PIT
NNLEVERETT_NE,N.Leverett,G,NE
BBBREDESON_TB,B.Bredeson,G,TB
BBFERGUSON_MIA,B.Ferguson,LS,MIA
IIRODGERS_PHI,I.Rodgers,CB,PHI
NNHARRIS_CLE,N.Harris,C,CLE
KKCHAISSON_LV,K.Chaisson,OLB,LV
TTGIPSON_SEA,T.Gipson,OLB,SEA
EECLEVELAND_JAX,E.Cleveland,G,JAX
JJLYNCH_TEN,J.Lynch,NT,TEN
DDHOLMES_LV,D.Holmes,CB,LV
GGBRIGHTWELL_CLE,G.Brightwell,RB,CLE
TTWALLACE_BAL,T.Wallace,WR,BAL
RRNEUZIL_ATL,R.Neuzil,C,ATL
MMFRABONI_DEN,M.Fraboni,LS,DEN
TTGILL_TB,T.Gill,P,TB
DDJACKSON_NO,D.Jackson,MLB,NO
LLWATTENBERG_DEN,L.Wattenberg,C,DEN
JJSALYER_LAC,J.Salyer,G,LAC
JJHOUSTON_DET,J.Houston,DE,DET
TTMCCOLLUM_PHI,T.McCollum,FS,PHI
MMMCCRARYBALL_NYJ,M.McCrary-Ball,ILB,NYJ
TTAVERY_TEN,T.Avery,CB,TEN
AASHAMPKLIN_PIT,A.Shampklin,RB,PIT
JJMETCHIE_HOU,J.Metchie,WR,HOU
SSMOORE_KC,S.Moore,WR,KC
CCVOLSON_CIN,C.Volson,G,CIN
AABOOTH_DAL,A.Booth,CB,DAL
MMHEATH_GB,M.Heath,WR,GB
BBVANSUMEREN_PHI,B.VanSumeren,FB,PHI
PPJOHNSON_ARI,P.Johnson,T,ARI
IIMCGUIRE_CLE,I.McGuire,DE,CLE
DDWINTERS_SF,D.Winters,ILB,SF
BBJOSEPH_DET,B.Joseph,SS,DET
BBPILI_MIA,B.Pili,NT,MIA
BBWHITEHEART_CLE,B.Whiteheart,TE,CLE
TTINCOOM_CAR,T.Incoom,OLB,CAR
AAPALCZEWSKI_DEN,A.Palczewski,T,DEN
MMCURTIS_SEA,M.Curtis,G,SEA
TTSTEEN_PHI,T.Steen,G,PHI
MMBERGERON_ATL,M.Bergeron,G,ATL
JJHAYES_TB,J.Hayes,CB,TB
RRROSENGARTEN_BAL,R.Rosengarten,T,BAL
TTTAMPA_BAL,T.Tampa,CB,BAL
EEWATTS_NYJ,E.Watts,DE,NYJ
DDGLAZE_LV,D.Glaze,T,LV
TTSTILL_LAC,T.Still,CB,LAC
TTBETHUNE_SF,T.Bethune,MLB,SF
HHHATTEN_DET,H.Hatten,LS,DET
JJCOKER_CAR,J.Coker,WR,CAR
DDRICHARDSON_CAR,D.Richardson,SS,CAR
EEANDERSON_SF,E.Anderson,DT,SF
JJMAHONEY_SF,J.Mahoney,FS,SF
JJPOWERSJOHNSON_LV,J.Powers-Johnson,G,LV
TTBORTOLINI_IND,T.Bortolini,C,IND
OOSPEIGHTS_LA,O.Speights,ILB,LA
CCLAMPKIN_LA,C.Lampkin,CB,LA
QQSTIGGERS_NYJ,Q.Stiggers,CB,NYJ
OOFASHANU_NYJ,O.Fashanu,T,NYJ
AAISAAC_BAL,A.Isaac,OLB,BAL
TTHOPPER_GB,T.Hopper,ILB,GB
DDCARTER_BUF,D.Carter,DT,BUF
MMWASHINGTON_MIA,M.Washington,WR,MIA
AADEPAOLA_MIN,A.DePaola,LS,MIN
OOBECKHAM_MIA,O.Beckham,WR,MIA
TTMCGILL_SF,T.McGill,DT,SF
MMMARIOTA_WAS,M.Mariota,QB,WAS
JJTHUNEY_KC,J.Thuney,G,KC
KKSEYMOUR_WAS,K.Seymour,CB,WAS
IISEUMALO_PIT,I.Seumalo,G,PIT
YYNGAKOUE_BAL,Y.Ngakoue,DE,BAL
TTBOWSER_MIA,T.Bowser,OLB,MIA
TTTAYLOR_SF,T.Taylor,WR,SF
KKBOURNE_NE,K.Bourne,WR,NE
CCWATKINS_DAL,C.Watkins,DE,DAL
DDWILLIAMS_LA,D.Williams,CB,LA
UUNWOSU_SEA,U.Nwosu,OLB,SEA
MMSTEWART_HOU,M.Stewart,SS,HOU
MMADAMS_NYG,M.Adams,OLB,NYG
JJDAVIS_CIN,J.Davis,CB,CIN
EEBROWN_ARI,E.Brown,C,ARI
KKALLEN_PIT,K.Allen,QB,PIT
CCTHOMPSON_TB,C.Thompson,WR,TB
NNNEEDHAM_MIA,N.Needham,CB,MIA
JJFORTSON_KC,J.Fortson,TE,KC
JJABRAM_NO,J.Abram,SS,NO
CCCHRISTIANSEN_KC,C.Christiansen,ILB,KC
TTSMITH_CAR,T.Smith,DT,CAR
JJWARD_PIT,J.Ward,RB,PIT
TTSTEELE_DAL,T.Steele,T,DAL
AABREWER_MIA,A.Brewer,G,MIA
JJWILLS_CLE,J.Wills,T,CLE
KKDOTSON_LA,K.Dotson,G,LA
TTMUSE_JAX,T.Muse,ILB,JAX
WWFRIES_IND,W.Fries,G,IND
CCHUMPHREY_KC,C.Humphrey,C,KC
DDFORREST_WAS,D.Forrest,FS,WAS
NNJONES_ARI,N.Jones,DT,ARI
BBJOHNSON_DAL,B.Johnson,ILB,DAL
PPJOHNSON_NYG,P.Johnson,OLB,NYG
DDKRAMER_CHI,D.Kramer,C,CHI
JJMOON_PIT,J.Moon,OLB,PIT
JJLUKETA_ARI,J.Luketa,OLB,ARI
BBHOFFMAN_DAL,B.Hoffman,C,DAL
BBJOHNSON_PIT,B.Johnson,WR,PIT
LLKRULL_DEN,L.Krull,TE,DEN
CCWOOTEN_CAR,C.Wooten,ILB,CAR
CCCROSS_SEA,C.Cross,T,SEA
EEINGRAM_MIN,E.Ingram,G,MIN
CCWOODEN_GB,C.Wooden,DT,GB
WWMALLORY_IND,W.Mallory,TE,IND
TTBAGENT_CHI,T.Bagent,QB,CHI
MMMURPHY_CIN,M.Murphy,DE,CIN
JJBATTLE_CIN,J.Battle,SS,CIN
CCRYLAND_ARI,C.Ryland,K,ARI
JJROY_NE,J.Roy,NT,NE
IIBOLDEN_NE,I.Bolden,CB,NE
TTBASS_DAL,T.Bass,G,DAL
DDJACOBS_NE,D.Jacobs,T,NE
BBTREMAYNE_WAS,B.Tremayne,WR,WAS
JJSHENKER_LV,J.Shenker,TE,LV
DDHORTON_HOU,D.Horton,DE,HOU
MMMAPU_NE,M.Mapu,ILB,NE
CCCOLLIER_BAL,C.Collier,RB,BAL
ZZZINTER_CLE,Z.Zinter,G,CLE
JJHILL_HOU,J.Hill,ILB,HOU
ZZLOGUE_BUF,Z.Logue,DE,BUF
NNWATSON_CLE,N.Watson,ILB,CLE
MMEDWARDS_BUF,M.Edwards,G,BUF
AAGAINER_LV,A.Gainer,OLB,LV
RRORHORHORO_ATL,R.Orhorhoro,DE,ATL
JJWALLACE_LA,J.Wallace,CB,LA
NNPRITCHETT_SEA,N.Pritchett,CB,SEA
ZZFRAZIER_PIT,Z.Frazier,C,PIT
JJJANSEN_CAR,J.Jansen,LS,CAR
AAROBINSON_DET,A.Robinson,WR,DET
EEOBADA_WAS,E.Obada,DE,WAS
GGSWAIM_CLE,G.Swaim,TE,CLE
RRKELLY_IND,R.Kelly,C,IND
JJMILLS_NYJ,J.Mills,CB,NYJ
CCMCGOVERN_NO,C.McGovern,C,NO
ZZWOOD_NO,Z.Wood,LS,NO
AABURNS_SEA,A.Burns,CB,SEA
MMHAACK_NYG,M.Haack,P,NYG
AAWYLIE_WAS,A.Wylie,T,WAS
MMDUNN_CLE,M.Dunn,G,CLE
IITHOMAS_CAR,I.Thomas,TE,CAR
MMHAYNES_CAR,M.Haynes,OLB,CAR
OOBURKS_PHI,O.Burks,OLB,PHI
AABECK_GB,A.Beck,FB,GB
YYNIJMAN_CAR,Y.Nijman,T,CAR
AAJAMES_LV,A.James,C,LV
MMWRIGHT_SF,M.Wright,K,SF
CCREYNOLDS_DET,C.Reynolds,RB,DET
RRYASIN_SF,R.Ya-Sin,CB,SF
SSTAKITAKI_NE,S.Takitaki,OLB,NE
IIHODGINS_NYG,I.Hodgins,WR,NYG
KKWILKERSON_LV,K.Wilkerson,WR,LV
KKVILDOR_DET,K.Vildor,CB,DET
DDLEWIS_CAR,D.Lewis,G,CAR
CCBASHAM_NYG,C.Basham,OLB,NYG
GGSTUARD_IND,G.Stuard,MLB,IND
AAOGUNDEJI_PIT,A.Ogundeji,OLB,PIT
BBCLEVELAND_BAL,B.Cleveland,G,BAL
AAVERATUCKER_NYJ,A.Vera-Tucker,G,NYJ
QQMEINERZ_DEN,Q.Meinerz,G,DEN
SSRHYAN_GB,S.Rhyan,G,GB
MMBUTLER_LV,M.Butler,DT,LV
AAANDERSON_BUF,A.Anderson,G,BUF
LLWATSON_TEN,L.Watson,T,TEN
KKDAVIS_SF,K.Davis,DT,SF
EEUWAZURIKE_DEN,E.Uwazurike,DE,DEN
NNSEWELL_CHI,N.Sewell,ILB,CHI
HHHOOKER_DET,H.Hooker,QB,DET
SSSOW_NE,S.Sow,G,NE
KKHENRY_DAL,K.Henry,DE,DAL
DDLUTER_SF,D.Luter,CB,SF
JJGRAHAM_SF,J.Graham,ILB,SF
TTNOWASKE_DET,T.Nowaske,ILB,DET
TTOKADA_SEA,T.Okada,SS,SEA
EELEOTA_PIT,E.Leota,OLB,PIT
BBSIMS_GB,B.Sims,TE,GB
KKMERRIWEATHER_TB,K.Merriweather,FS,TB
RRMILLER_TB,R.Miller,WR,TB
CCKANCEY_TB,C.Kancey,DE,TB
JJTIPPMANN_NYJ,J.Tippmann,C,NYJ
DDMILLER_NYG,D.Miller,RB,NYG
BBBRADE_BAL,B.Brade,FS,BAL
CCJACOBS_NE,C.Jacobs,ILB,NE
SSRATTLER_NO,S.Rattler,QB,NO
JJFORD_NO,J.Ford,ILB,NO
KKVIDAL_LAC,K.Vidal,RB,LAC
DDLAUBE_LV,D.Laube,RB,LV
RRFLOURNOY_DAL,R.Flournoy,WR,DAL
IIUKWU_DET,I.Ukwu,DE,DET
XXWEAVER_ARI,X.Weaver,WR,ARI
TTFUNDERBURK_TB,T.Funderburk,CB,TB
AAGRIER_TB,A.Grier,ILB,TB
DDWILLIAMS_TB,D.Williams,RB,TB
JJJEFFERSON_JAX,J.Jefferson,DT,JAX
TTJENNINGS_NE,T.Jennings,RB,NE
MMHALL_CLE,M.Hall,DT,CLE
RRWILSON_PIT,R.Wilson,QB,PIT
BBMCMANUS_GB,B.McManus,K,GB
DDAUTRY_HOU,D.Autry,DE,HOU
DDADAMS_NYJ,D.Adams,WR,NYJ
AACOOPER_BUF,A.Cooper,WR,BUF
KKALEXANDER_DEN,K.Alexander,OLB,DEN
RRHAVENSTEIN_LA,R.Havenstein,T,LA
RRFERGUSON_BUF,R.Ferguson,LS,BUF
RRROBERTSONHARRIS_SEA,R.Robertson-Harris,DT,SEA
DDKING_HOU,D.King,CB,HOU
PPOCONNOR_DET,P.O'Connor,DE,DET
ZZJONES_ARI,Z.Jones,WR,ARI
JJHOLMES_WAS,J.Holmes,DE,WAS
DDHARRIS_ATL,D.Harris,DE,ATL
NNCHUBB_CLE,N.Chubb,RB,CLE
BBSMITH_IND,B.Smith,T,IND
KKHOLLMAN_HOU,K.Hollman,CB,HOU
MMORZECH_GB,M.Orzech,LS,GB
KKSHEFFIELD_NYJ,K.Sheffield,CB,NYJ
JJSTIDHAM_DEN,J.Stidham,QB,DEN
DDLOCK_NYG,D.Lock,QB,NYG
JJPIERRE_PIT,J.Pierre,CB,PIT
JJBACHIE_CIN,J.Bachie,ILB,CIN
DDJACKSON_CAR,D.Jackson,CB,CAR
MMONWENU_NE,M.Onwenu,G,NE
KKHINTON_ATL,K.Hinton,G,ATL
LLFOTU_NYJ,L.Fotu,NT,NYJ
JJREAGOR_LAC,J.Reagor,WR,LAC
CCAKERS_MIN,C.Akers,RB,MIN
RRSUNAHARA_CLE,R.Sunahara,LS,CLE
KKAWOSIKA_DET,K.Awosika,G,DET
RRMCCOLLUM_PIT,R.McCollum,C,PIT
LLYOUNG_NO,L.Young,T,NO
KKJOSEPH_IND,K.Joseph,CB,IND
TTCAMPBELL_JAX,T.Campbell,CB,JAX
JJJOBE_SEA,J.Jobe,CB,SEA
FFHICKS_SEA,F.Hicks,CB,SEA
BBSTILLE_ARI,B.Stille,DT,ARI
TTFOX_NYG,T.Fox,OLB,NYG
TTHAIRSTON_HOU,T.Hairston,FB,HOU
KKPICKETT_PHI,K.Pickett,QB,PHI
DDMATHIS_DEN,D.Mathis,CB,DEN
AACARLSON_SF,A.Carlson,K,SF
TTHAWKINS_NYG,T.Hawkins,CB,NYG
KKMILLER_NO,K.Miller,RB,NO
DDTHOMPSONROBINSON_CLE,D.Thompson-Robinson,QB,CLE
SSBROWN_PHI,S.Brown,SS,PHI
JJSCHMITZ_NYG,J.Schmitz,C,NYG
OOMATHIS_NE,O.Mathis,OLB,NE
CCROLANDWALLACE_KC,C.Roland-Wallace,CB,KC
DDRICHARDSON_LV,D.Richardson,CB,LV
JJMCCLELLAN_ATL,J.McClellan,RB,ATL
CCASWASHINGTON_ATL,Cas.Washington,WR,ATL
JJWILLIAMS_TEN,J.Williams,ILB,TEN
JJWINDMON_CAR,J.Windmon,LB,CAR
LLBAILEY_DEN,L.Bailey,ILB,DEN
JJJACKSON_NO,J.Jackson,WR,NO
KKHERGEL_NO,K.Hergel,G,NO
JJHUNT_PHI,J.Hunt,OLB,PHI
DDWALKER_BAL,D.Walker,WR,BAL
BBJACKSON_LA,B.Jackson,OLB,LA
CCHAYNES_SEA,C.Haynes,G,SEA
MMJERRELL_SEA,M.Jerrell,T,SEA
MMKAMARA_MIA,M.Kamara,OLB,MIA
RRPEARSALL_SF,R.Pearsall,WR,SF
MMPENIX_ATL,M.Penix,QB,ATL
JJHARRIS_LAC,J.Harris,LS,LAC
KKZEITLER_DET,K.Zeitler,G,DET
CCHUBBARD_NYG,C.Hubbard,T,NYG
DDHOPKINS_KC,D.Hopkins,WR,KC
MMMORSE_JAX,M.Morse,C,JAX
LLPATRICK_NO,L.Patrick,G,NO
AAMAULET_BAL,A.Maulet,CB,BAL
EEANKOU_BUF,E.Ankou,DT,BUF
DDCOOK_DAL,D.Cook,RB,DAL
JJMARTIN_CHI,J.Martin,DE,CHI
GGSTROMAN_NYG,G.Stroman,CB,NYG
NNGATES_PHI,N.Gates,C,PHI
AAWATTS_NYG,A.Watts,NT,NYG
CCMCGOVERN_BUF,C.McGovern,C,BUF
DDWHITE_HOU,D.White,ILB,HOU
RRMATISCIK_JAX,R.Matiscik,LS,JAX
JJGAZIANO_JAX,J.Gaziano,DE,JAX
JJWILLIAMS_LA,J.Williams,DE,LA
SSFRANKLIN_CAR,S.Franklin,SS,CAR
MMKINSEY_TEN,M.Kinsey,WR,TEN
JJRUNYAN_NYG,J.Runyan,G,NYG
SSZYLSTRA_DET,S.Zylstra,TE,DET
CCFARLEY_CAR,C.Farley,CB,CAR
NNNIEMANN_LAC,N.Niemann,ILB,LAC
DDBOOTLE_LAC,D.Bootle,CB,LAC
DDHALL_ARI,D.Hall,FS,ARI
BBCHRISTENSEN_CAR,B.Christensen,G,CAR
EEJONES_SEA,E.Jones,ILB,SEA
MMWASHINGTON_KC,M.Washington,WR,KC
IITHOMAS_DET,I.Thomas,OLB,DET
KKHINISH_HOU,K.Hinish,DT,HOU
BBRAIMANN_IND,B.Raimann,T,IND
ZZJOHNSON_LAC,Z.Johnson,G,LAC
NNFARRELL_MIA,N.Farrell,DT,MIA
JJREED_SEA,J.Reed,SS,SEA
RRJARRETT_TB,R.Jarrett,WR,TB
CCSMITH_MIA,C.Smith,CB,MIA
SSKANE_BAL,S.Kane,SS,BAL
MMJACKSON_CIN,M.Jackson,DT,CIN
IIWILLIAMS_DET,I.Williams,WR,DET
JJDEDICH_LA,J.Dedich,G,LA
JJBAKER_NE,J.Baker,WR,NE
EEAPPLE_LAC,E.Apple,CB,LAC
DDBRUNSKILL_TEN,D.Brunskill,C,TEN
JJHARDEE_TEN,J.Hardee,CB,TEN
HHREDDICK_NYJ,H.Reddick,OLB,NYJ
CCROBINSON_MIN,C.Robinson,T,MIN
CCWORMLEY_BAL,C.Wormley,DE,BAL
MMVALDESSCANTLING_NO,M.Valdes-Scantling,WR,NO
MMMCGLINCHEY_DEN,M.McGlinchey,T,DEN
JJHARRIS_CAR,J.Harris,DE,CAR
JJBROWNING_CIN,J.Browning,QB,CIN
TTHOCKENSON_MIN,T.Hockenson,TE,MIN
RRTEAMER_NO,R.Teamer,SS,NO
CCWHITE_SEA,C.White,WR,SEA
CCGILL_CAR,C.Gill,OLB,CAR
JJUCHE_KC,J.Uche,OLB,KC
MMBECTON_PHI,M.Becton,T,PHI
KKYEBOAH_NYJ,K.Yeboah,TE,NYJ
SSJEANCHARLES_NO,S.Jean-Charles,CB,NO
RRPATTERSON_NYJ,R.Patterson,K,NYJ
AATRAMMELL_JAX,A.Trammell,WR,JAX
DDROBINSON_CHI,D.Robinson,DE,CHI
VVJONES_TB,V.Jones,ILB,TB
BBBROWN_NE,B.Brown,G,NE
KKPRYOR_CIN,K.Pryor,WR,CIN
DDTHOMPKINS_CAR,D.Thompkins,WR,CAR
DDRIDDER_LV,D.Ridder,QB,LV
TTSMITH_CHI,T.Smith,CB,CHI
EERICKS_PHI,E.Ricks,CB,PHI
TTZENTNER_LA,T.Zentner,P,LA
CCRODRIGUEZ_WAS,C.Rodriguez,RB,WAS
DDIVEY_CIN,D.Ivey,CB,CIN
ZZPICKENS_CHI,Z.Pickens,DT,CHI
NNBROOKS_ATL,N.Brooks,CB,ATL
JJMONROE_NYJ,J.Monroe,FS,NYJ
JJMAGEE_WAS,J.Magee,OLB,WAS
JJBELL_NE,J.Bell,TE,NE
RRSTEWARD_CHI,R.Steward,CB,CHI
RRKEYTON_LV,R.Keyton,WR,LV
DDHOLKER_NO,D.Holker,TE,NO
BBOLIVER_TEN,B.Oliver,WR,TEN
AASMITH_PHI,A.Smith,WR,PHI
KKOLADAPO_GB,K.Oladapo,FS,GB
KKHADDEN_GB,K.Hadden,CB,GB
JJMORGAN_GB,J.Morgan,T,GB
JJMCATAMNEY_NYG,J.McAtamney,K,NYG
JJPHILLIPS_BUF,J.Phillips,DT,BUF
PPSMITH_PIT,P.Smith,DE,PIT
QQJEFFERSON_BUF,Q.Jefferson,DE,BUF
TTKARRAS_CIN,T.Karras,C,CIN
CCMCCAFFREY_SF,C.McCaffrey,RB,SF
JJTUPOU_BAL,J.Tupou,NT,BAL
MMWILLIAMS_PIT,M.Williams,WR,PIT
ZZGONZALEZ_WAS,Z.Gonzalez,K,WAS
AAMUHAMMAD_DET,A.Muhammad,DE,DET
EETURNER_DET,E.Turner,ILB,DET
RRHARRISON_IND,R.Harrison,DB,IND
DDPETTIS_NO,D.Pettis,WR,NO
OOUDOH_NO,O.Udoh,T,NO
DDJOHNSON_BAL,D.Johnson,WR,BAL
KKMCGARY_ATL,K.McGary,T,ATL
AAWINGARD_JAX,A.Wingard,FS,JAX
KKWELCH_BAL,K.Welch,ILB,BAL
DDWONNUM_CAR,D.Wonnum,OLB,CAR
KKKAREEM_ATL,K.Kareem,DE,ATL
CCMCGRONE_IND,C.McGrone,MLB,IND
TTTOGIAI_HOU,T.Togiai,DT,HOU
LLBOROM_CHI,L.Borom,T,CHI
KKHERBERT_CIN,K.Herbert,RB,CIN
TTLANCE_DAL,T.Lance,QB,DAL
JJROSS_KC,J.Ross,WR,KC
KKAUSTIN_NO,K.Austin,WR,NO
CCMAYS_CAR,C.Mays,G,CAR
JJROMO_MIN,J.Romo,K,MIN
CCTINDALL_MIA,C.Tindall,ILB,MIA
KKADAVIS_SF,Ka.Davis,DT,SF
JJBUTLER_DAL,J.Butler,CB,DAL
KKMITCHELL_BAL,K.Mitchell,RB,BAL
CCMURPHY_LAC,C.Murphy,OLB,LAC
SSAVILA_LA,S.Avila,G,LA
SSSHRADER_NYJ,S.Shrader,K,NYJ
MMBRADFORD_NO,M.Bradford,FS,NO
CCGRANDY_CIN,C.Grandy,TE,CIN
MMGONCALVES_IND,M.Goncalves,T,IND
PPODONNELL_SF,P.O'Donnell,P,SF
ZZSMITH_DET,Z.Smith,DE,DET
KKLAMM_MIA,K.Lamm,T,MIA
DDWORLEY_TEN,D.Worley,FS,TEN
JJCONKLIN_CLE,J.Conklin,T,CLE
ZZCUNNINGHAM_DEN,Z.Cunningham,ILB,DEN
TTWHITE_BAL,T.White,CB,BAL
JJBAKER_TEN,J.Baker,ILB,TEN
IIPRINCE_TEN,I.Prince,T,TEN
AAPITTMAN_JAX,A.Pittman,OLB,JAX
KKHALL_DAL,K.Hall,CB,DAL
JJOKUDAH_HOU,J.Okudah,CB,HOU
KKTAYLOR_KC,K.Taylor,CB,KC
JJMEREDITH_LV,J.Meredith,G,LV
ZZDAVIDSON_BUF,Z.Davidson,TE,BUF
EESMITH_CLE,E.Smith,OLB,CLE
KKTONEY_CLE,K.Toney,WR,CLE
CCBARMORE_NE,C.Barmore,DT,NE
JJROSS_SEA,J.Ross,ILB,SEA
MMCALIENDO_KC,M.Caliendo,G,KC
MMNIESE_DET,M.Niese,T,DET
RDEMARK_BUF,R.Van Demark,T,BUF
TTFISK_LAC,T.Fisk,TE,LAC
AACARLSON_NYJ,A.Carlson,K,NYJ
BBCOX_GB,B.Cox,DE,GB
AARICHARDS_DAL,A.Richards,T,DAL
BBWILLIS_SF,B.Willis,TE,SF
PPOCONNELL_SEA,P.O'Connell,ILB,SEA
JJMINGO_DAL,J.Mingo,WR,DAL
JJTHRASH_CLE,J.Thrash,WR,CLE
SSSHRADER_KC,S.Shrader,K,KC
BBDORLUS_ATL,B.Dorlus,DE,ATL
GGIFEDI_CLE,G.Ifedi,G,CLE
LLRHODES_IND,L.Rhodes,LS,IND
YYNGAKOUE_NE,Y.Ngakoue,DE,NE
CCSUTTON_PIT,C.Sutton,CB,PIT
RRCRACRAFT_MIA,R.Cracraft,WR,MIA
EEMOSELEY_DET,E.Moseley,CB,DET
TTDODSON_MIA,T.Dodson,MLB,MIA
TTCOLON_ARI,T.Colon,C,ARI
BBBARTCH_SF,B.Bartch,G,SF
NNMCCLOUD_SF,N.McCloud,CB,SF
BBBROWNING_ARI,B.Browning,OLB,ARI
DDBLAND_DAL,D.Bland,CB,DAL
JJFITZPATRICK_GB,J.FitzPatrick,TE,GB
SSMCCORMICK_LV,S.McCormick,RB,LV
TTDEVITO_NYG,T.DeVito,QB,NYG
JJPATTERSON_HOU,J.Patterson,C,HOU
JJBROOKS_CAR,J.Brooks,RB,CAR
MMEDWARDS_TB,M.Edwards,G,TB
JJWOOD_TEN,J.Wood,FS,TEN
DDTUCKER_IND,D.Tucker,G,IND
JJEBOIGBE_LAC,J.Eboigbe,DE,LAC
CCGRAY_TEN,C.Gray,ILB,TEN
BBCOLEMAN_WAS,B.Coleman,T,WAS
TTJEFFERSON_LAC,T.Jefferson,SS,LAC
RRLOVATO_PHI,R.Lovato,LS,PHI
CCDAVIS_WAS,C.Davis,NT,WAS
MMMILANO_BUF,M.Milano,OLB,BUF
MMMAYE_LAC,M.Maye,FS,LAC
FFMOREAU_MIN,F.Moreau,CB,MIN
AACAPPA_CIN,A.Cappa,G,CIN
MMWRIGHT_KC,M.Wright,K,KC
CCFORD_CIN,C.Ford,G,CIN
CCOMENIHU_KC,C.Omenihu,DE,KC
DDLONG_DET,D.Long,ILB,DET
CCEDOGA_DAL,C.Edoga,T,DAL
DDCHISENA_CAR,D.Chisena,WR,CAR
KKHDAVIS_SF,Kh.Davis,DT,SF
SSSULLIVAN_CAR,S.Sullivan,TE,CAR
KKNWANGWU_NYJ,K.Nwangwu,RB,NYJ
TTMARSHALL_LV,T.Marshall,WR,LV
AABARNO_CAR,A.Barno,OLB,CAR
MMWOODS_CLE,M.Woods,WR,CLE
JJVIRGIL_BUF,J.Virgil,WR,BUF
NNSEWELL_NO,N.Sewell,MLB,NO
EENEAL_NYG,E.Neal,T,NYG
MMALEXANDER_DET,M.Alexander,WR,DET
ZZCARTER_LV,Z.Carter,DT,LV
AALUCAS_SEA,A.Lucas,T,SEA
CCTHOMAS_CLE,C.Thomas,DE,CLE
JJSHORTER_LV,J.Shorter,TE,LV
AAAUSTIN_NE,A.Austin,CB,NE
CCWARREN_NYJ,C.Warren,T,NYJ
JJRAMIREZ_TB,J.Ramirez,OLB,TB
OOMATHIS_PHI,O.Mathis,OLB,PHI
KKABRAMSDRAINE_DEN,K.Abrams-Draine,CB,DEN
JJBRIGGS_CLE,J.Briggs,DT,CLE
IIWILLIAMS_CIN,I.Williams,WR,CIN
RRALI_BAL,R.Ali,RB,BAL
SSLAUMEA_SEA,S.Laumea,T,SEA
IIADAMS_ARI,I.Adams,G,ARI
LLROBINSON_NE,L.Robinson,G,NE
KKALEXANDER_DET,K.Alexander,OLB,DET
CCUZOMAH_PHI,C.Uzomah,TE,PHI
TTMCGILL_CLE,T.McGill,DT,CLE
DDHUMPHRIES_KC,D.Humphries,T,KC
DDSKIPPER_DET,D.Skipper,T,DET
JJADAMS_DET,J.Adams,SS,DET
DDCHARK_LAC,D.Chark,WR,LAC
JJOWILLIAMS_DET,Jo.Williams,DE,DET
MMADAMS_DET,M.Adams,DE,DET
DDEVANS_CHI,D.Evans,RB,CHI
KKVAUGHN_SF,K.Vaughn,RB,SF
JJDAVIS_MIN,J.Davis,OLB,MIN
JJDARDEN_SEA,J.Darden,WR,SEA
MMWILSON_CIN,M.Wilson,CB,CIN
EEGARCIA_NYG,E.Garcia,DE,NYG
JJAWILLIAMS_DET,Ja.Williams,WR,DET
JJEZEUDU_NYG,J.Ezeudu,G,NYG
CCYORK_CIN,C.York,K,CIN
NNREMIGIO_KC,N.Remigio,WR,KC
OOOLUWATIMI_SEA,O.Oluwatimi,C,SEA
CCDURDEN_NYG,C.Durden,DT,NYG
MMAGUDE_DET,M.Agude,OLB,DET
PPFANT_DAL,P.Fant,TE,DAL
EEDECKERS_TB,E.Deckers,LS,TB
BBMARTIN_DET,B.Martin,DT,DET
AASAM_PHI,A.Sam,FS,PHI
GGHOLANI_SEA,G.Holani,RB,SEA
BBCUPP_KC,B.Cupp,TE,KC
KKROBINSON_JAX,K.Robinson,RB,JAX
JJCRUMEDY_CAR,J.Crumedy,DT,CAR
JJBROWNING_TB,J.Browning,P,TB
JJKUBAS_NYG,J.Kubas,G,NYG
CCROGERS_NYG,C.Rogers,DT,NYG
DDMARTINROBINSON_TEN,D.Martin-Robinson,TE,TEN
GGMURPHY_MIN,G.Murphy,OLB,MIN
DDROBINSON_ARI,D.Robinson,DT,ARI
PPPAUL_MIA,P.Paul,T,MIA
KKJACKSON_BUF,K.Jackson,SS,BUF
TTGIPSON_SF,T.Gipson,FS,SF
MMPALARDY_ARI,M.Palardy,P,ARI
CCWENTZ_KC,C.Wentz,QB,KC
DDKING_BAL,D.King,CB,BAL
JJREYNOLDS_JAX,J.Reynolds,WR,JAX
TTBOYLE_NYG,T.Boyle,QB,NYG
GGJOSEPH_WAS,G.Joseph,K,WAS
RRNEAL_TB,R.Neal,SS,TB
AASTINNIE_NYG,A.Stinnie,G,NYG
JJWOODS_ATL,J.Woods,ILB,ATL
DDGREENLAW_SF,D.Greenlaw,ILB,SF
JJWILLIAMS_ARI,J.Williams,T,ARI
DDPINTER_IND,D.Pinter,C,IND
JJJONES_BAL,J.Jones,G,BAL
RRPATTERSON_CLE,R.Patterson,K,CLE
JJCARMAN_MIA,J.Carman,T,MIA
SSHOWELL_SEA,S.Howell,QB,SEA
JJFORD_CHI,J.Ford,DT,CHI
GGDULCICH_NYG,G.Dulcich,TE,NYG
DDCOCHRAN_CIN,D.Cochran,T,CIN
RRLAYNE_NYG,R.Layne,SS,NYG
WWKWENKEU_BAL,W.Kwenkeu,ILB,BAL
CCHARRIS_HOU,C.Harris,ILB,HOU
AAJOHNSON_NYG,A.Johnson,FS,NYG
DDCOLEMAN_JAX,D.Coleman,DE,JAX
KKBROOKS_TEN,K.Brooks,FS,TEN
SSHEYWARD_CIN,S.Heyward,ILB,CIN
TTSCOTT_CHI,T.Scott,WR,CHI
DDWILLIAMS_NYG,D.Williams,CB,NYG
MMHARDEN_CLE,M.Harden,CB,CLE
MMLEE_CIN,M.Lee,C,CIN
DDMCGLOTHERN_MIN,D.McGlothern,CB,MIN
KKAMEGADJIE_CHI,K.Amegadjie,T,CHI
BBFISHER_HOU,B.Fisher,T,HOU
PPMCMORRIS_MIA,P.McMorris,SS,MIA
AABREWER_ARI,A.Brewer,LS,ARI
MMGLOWINSKI_IND,M.Glowinski,G,IND
BBMCCAIN_MIN,B.McCain,SS,MIN
AAERICKSON_NE,A.Erickson,WR,NE
CCWHITEHAIR_LV,C.Whitehair,G,LV
DDBUSH_KC,D.Bush,SS,KC
TTHIGBEE_LA,T.Higbee,TE,LA
AAFIRKSER_KC,A.Firkser,TE,KC
AABARRETT_SF,A.Barrett,DE,SF
MMLATTIMORE_WAS,M.Lattimore,CB,WAS
TTKPASSAGNON_NO,T.Kpassagnon,DE,NO
TTFLOWERS_IND,T.Flowers,CB,IND
AABECK_HOU,A.Beck,FB,HOU
MMBROWN_KC,M.Brown,WR,KC
DDALONG_IND,Da.Long,CB,IND
CCBLAIR_ATL,C.Blair,WR,ATL
CLANEN_JAX,C.Van Lanen,T,JAX
JJJEFFERSON_DET,J.Jefferson,RB,DET
JJCURHAN_CHI,J.Curhan,T,CHI
RRPATTERSON_ATL,R.Patterson,K,ATL
MMCARTER_ARI,M.Carter,RB,ARI
IIMELIFONWU_DET,I.Melifonwu,CB,DET
MMMITCHELL_NYJ,M.Mitchell,T,NYJ
KKWILLIAMSON_LAC,K.Williamson,SS,LAC
JJOJUKWU_TEN,J.Ojukwu,T,TEN
DDSANDERS_DEN,D.Sanders,OLB,DEN
CCMAHOGANY_DET,C.Mahogany,G,DET
LLRODRIGUEZ_MIN,L.Rodriguez,DT,MIN
BBWATSON_DEN,B.Watson,RB,DEN
BBNARVESON_TEN,B.Narveson,K,TEN
DDJONES_TB,D.Jones,ILB,TB
CCLEVIN_TEN,C.Levin,C,TEN
JJDOBBS_SF,J.Dobbs,QB,SF
AAMILLER_BAL,A.Miller,WR,BAL
JJNOTEBOOM_LA,J.Noteboom,T,LA
IIWYNN_MIA,I.Wynn,G,MIA
SSSIMS_BAL,S.Sims,WR,BAL
DDHARRIS_DAL,D.Harris,ILB,DAL
MMWRIGHT_TEN,M.Wright,K,TEN
AAPITTMAN_DET,A.Pittman,OLB,DET
JJGILESHARRIS_JAX,J.Giles-Harris,OLB,JAX
AAPLEASANTS_SF,A.Pleasants,T,SF
CCHECK_SF,C.Heck,T,SF
KKOSBORN_WAS,K.Osborn,WR,WAS
CCEDWARDSHELAIRE_NO,C.Edwards-Helaire,RB,NO
JJOSIMPSON_NYJ,Jo.Simpson,G,NYJ
MMRICE_NE,M.Rice,ILB,NE
CCGOODE_MIA,C.Goode,OLB,MIA
VVJONES_CAR,V.Jones,RB,CAR
TTDAVISPRICE_PHI,T.Davis-Price,RB,PHI
AAEVANS_CAR,A.Evans,CB,CAR
CCSTRANGE_NE,C.Strange,G,NE
TTMCKEE_PHI,T.McKee,QB,PHI
EEJENKINS_PHI,E.Jenkins,TE,PHI
TTSHAVERS_BUF,T.Shavers,WR,BUF
EEBONNER_MIA,E.Bonner,CB,MIA
AACARTER_LV,A.Carter,OLB,LV
CCCOLLIER_LV,C.Collier,RB,LV
SSBOZEMAN_KC,S.Bozeman,ILB,KC
MMNORRIS_DET,M.Norris,DB,DET
DDCULP_TB,D.Culp,TE,TB
EEULOFOSHIO_BUF,E.Ulofoshio,MLB,BUF
SSBARRETT_TB,S.Barrett,OLB,TB
JJGAROPPOLO_LA,J.Garoppolo,QB,LA
AACOLBERT_CHI,A.Colbert,FS,CHI
RRMCMILLAN_TEN,R.McMillan,ILB,TEN
CCHARRIS_PHI,C.Harris,DE,PHI
MMWHITE_BUF,M.White,QB,BUF
GGJOSEPH_NYJ,G.Joseph,K,NYJ
AACHACHERE_ARI,A.Chachere,SS,ARI
DDJOHNSON_HOU,D.Johnson,WR,HOU
TTJONES_ARI,T.Jones,RB,ARI
BBLYNCH_KC,B.Lynch,OLB,KC
TTPRIDE_DAL,T.Pride,CB,DAL
JJKELLEY_TEN,J.Kelley,RB,TEN
MMTUIPULOTU_KC,M.Tuipulotu,DT,KC
KKTHOMAS_LA,K.Thomas,OLB,LA
MMWALETZKO_DAL,M.Waletzko,T,DAL
SSROBERTS_CAR,S.Roberts,DE,CAR
CCOLADOKUN_KC,C.Oladokun,QB,KC
KKDAVIS_CLE,K.Davis,WR,CLE
TTMARTIN_TEN,T.Martin,WR,TEN
NNZAKELJ_SF,N.Zakelj,G,SF
RRYEAST_HOU,R.Yeast,FS,HOU
BBZAPPE_CLE,B.Zappe,QB,CLE
KKKELLY_LV,K.Kelly,CB,LV
TTLEO_NE,T.Leo,DE,NE
DDJOHNSON_NYG,D.Johnson,ILB,NYG
TTJONES_NE,T.Jones,DE,NE
DDWILSON_NYG,D.Wilson,CB,NYG
AAFINLEY_SEA,A.Finley,FS,SEA
EEFORBES_LA,E.Forbes,CB,LA
SSBARTHOLOMEW_CAR,S.Bartholomew,CB,CAR
MMBATTLE_NE,M.Battle,DB,NE
JJMILTON_NE,J.Milton,QB,NE
SSBYRD_HOU,S.Byrd,DE,HOU
BBBATES_CLE,B.Bates,TE,CLE
KKDYSON_CAR,K.Dyson,OLB,CAR
JJKIBODI_CLE,J.Kibodi,RB,CLE
KKDUKE_TEN,K.Duke,DE,TEN
CCSCHRADER_LA,C.Schrader,RB,LA
DDGANT_PHI,D.Gant,ILB,PHI
DDMCMAHON_LA,D.McMahon,C,LA
CCHANSON_KC,C.Hanson,G,KC
TTGRABLE_BUF,T.Grable,T,BUF
EEJACKSON_LAC,E.Jackson,FS,LAC
KKBLASINGAME_PHI,K.Blasingame,FB,PHI
KKTELFORT_GB,K.Telfort,T,GB
TTGLOVER_GB,T.Glover,T,GB
TTBRIDGEWATER_DET,T.Bridgewater,QB,DET
NNMORROW_PHI,N.Morrow,ILB,PHI
IISMITH_HOU,I.Smith,TE,HOU
JJWATSON_KC,J.Watson,CB,KC
JJWAYNE_HOU,J.Wayne,WR,HOU
